Rank,ID,Category,Match_Percentage
1,83816738,INFORMATION-TECHNOLOGY,100.0
2,33141415,CONSTRUCTION,85.98
3,62994611,AGRICULTURE,82.13
4,42156237,DIGITAL-MEDIA,81.25
5,39247950,BANKING,80.4
6,21156767,CONSULTANT,78.32
7,51588273,ENGINEERING,78.06
8,12011623,ENGINEERING,74.24
9,10641230,INFORMATION-TECHNOLOGY,73.38
10,43311839,CONSULTANT,72.8
11,30863060,CONSULTANT,71.44
12,23464505,AVIATION,70.13
13,12635195,INFORMATION-TECHNOLOGY,67.81
14,16186411,INFORMATION-TECHNOLOGY,67.12
15,24643412,CONSULTANT,66.94
16,12144825,AVIATION,66.48
17,10624813,ENGINEERING,65.08
18,28126340,INFORMATION-TECHNOLOGY,63.98
19,36434348,INFORMATION-TECHNOLOGY,62.29
20,24610685,SALES,61.69
21,37242217,INFORMATION-TECHNOLOGY,60.27
22,14871762,BUSINESS-DEVELOPMENT,59.9
23,95429627,CONSULTANT,59.88
24,85101052,DESIGNER,59.48
25,43378989,CONSULTANT,59.41
26,26746496,INFORMATION-TECHNOLOGY,58.65
27,35990852,DESIGNER,56.8
28,21038022,ENGINEERING,56.51
29,34953092,BANKING,56.26
30,22946204,AUTOMOBILE,56.07
31,21297521,BANKING,53.37
32,27152464,ENGINEERING,53.01
33,13385306,INFORMATION-TECHNOLOGY,52.99
34,13405733,INFORMATION-TECHNOLOGY,52.66
35,18067556,INFORMATION-TECHNOLOGY,52.42
36,18448085,AUTOMOBILE,52.17
37,29196643,CONSULTANT,52.01
38,20674668,INFORMATION-TECHNOLOGY,50.88
39,12763627,INFORMATION-TECHNOLOGY,49.59
40,25990239,INFORMATION-TECHNOLOGY,48.17
41,17823436,BANKING,48.07
42,18442517,DIGITAL-MEDIA,47.34
43,28505854,ENGINEERING,47.23
44,39413067,INFORMATION-TECHNOLOGY,47.22
45,18301617,INFORMATION-TECHNOLOGY,47.21
46,65062795,CONSULTANT,47.16
47,13575312,HEALTHCARE,46.4
48,28035460,INFORMATION-TECHNOLOGY,44.06
49,39441617,CONSULTANT,43.6
50,35389360,ENGINEERING,43.33
51,26585242,HEALTHCARE,42.82
52,15602094,CONSULTANT,42.26
53,26160200,DIGITAL-MEDIA,42.21
54,22351830,CONSULTANT,42.07
55,12777487,ARTS,42.05
56,29975124,INFORMATION-TECHNOLOGY,41.65
57,13964744,BPO,41.34
58,25397102,BUSINESS-DEVELOPMENT,41.12
59,29524570,DESIGNER,40.95
60,30223363,INFORMATION-TECHNOLOGY,40.82
61,12351749,SALES,40.61
62,22776912,INFORMATION-TECHNOLOGY,39.14
63,51639418,INFORMATION-TECHNOLOGY,38.69
64,12085736,DIGITAL-MEDIA,38.26
65,41152404,BPO,37.72
66,41344156,INFORMATION-TECHNOLOGY,36.88
67,12415691,DESIGNER,36.34
68,10265057,INFORMATION-TECHNOLOGY,36.11
69,32985311,ENGINEERING,35.4
70,27536013,INFORMATION-TECHNOLOGY,34.61
71,11813872,AGRICULTURE,33.67
72,11957080,INFORMATION-TECHNOLOGY,33.51
73,84512719,AGRICULTURE,33.48
74,27981289,DIGITAL-MEDIA,33.1
75,18354623,DIGITAL-MEDIA,32.93
76,11963737,ADVOCATE,32.73
77,11890896,ENGINEERING,32.65
78,12546838,BUSINESS-DEVELOPMENT,32.62
79,18187364,INFORMATION-TECHNOLOGY,32.56
80,68460556,INFORMATION-TECHNOLOGY,32.37
81,20024870,INFORMATION-TECHNOLOGY,32.23
82,16877897,HR,32.14
83,39581020,SALES,31.76
84,16893572,DIGITAL-MEDIA,31.68
85,28629430,ARTS,31.67
86,70089206,INFORMATION-TECHNOLOGY,31.57
87,26801767,INFORMATION-TECHNOLOGY,31.57
88,22232367,AVIATION,31.5
89,47603843,CHEF,31.4
90,18297650,HR,31.34
91,92069209,INFORMATION-TECHNOLOGY,31.26
92,20001721,INFORMATION-TECHNOLOGY,30.99
93,18835363,DESIGNER,30.94
94,19396040,ENGINEERING,30.78
95,18795567,DESIGNER,30.74
96,18827609,HR,30.6
97,20824105,INFORMATION-TECHNOLOGY,30.58
98,31694970,ENGINEERING,30.55
99,28762662,ENGINEERING,30.37
100,18176523,INFORMATION-TECHNOLOGY,30.36
101,26071861,ADVOCATE,30.18
102,20390397,DESIGNER,30.07
103,41910253,HEALTHCARE,29.89
104,27847081,HR,29.78
105,36206485,TEACHER,29.74
106,22450718,INFORMATION-TECHNOLOGY,29.63
107,35737840,ENGINEERING,29.37
108,26496059,DESIGNER,29.19
109,28471099,ARTS,29.0
110,17983957,CONSULTANT,28.98
111,27419236,DIGITAL-MEDIA,28.95
112,24544244,AVIATION,28.93
113,24854026,FINANCE,28.89
114,25905275,INFORMATION-TECHNOLOGY,28.67
115,18159866,INFORMATION-TECHNOLOGY,28.63
116,98300955,HEALTHCARE,28.25
117,29208172,BUSINESS-DEVELOPMENT,28.25
118,28672970,INFORMATION-TECHNOLOGY,28.0
119,28998957,APPAREL,27.99
120,13836471,INFORMATION-TECHNOLOGY,27.95
121,21283365,INFORMATION-TECHNOLOGY,27.94
122,17555081,DESIGNER,27.64
123,47919212,ENGINEERING,27.63
124,17407184,ACCOUNTANT,27.62
125,10985403,ENGINEERING,27.29
126,20748929,BUSINESS-DEVELOPMENT,27.2
127,83338413,ARTS,27.12
128,25959103,INFORMATION-TECHNOLOGY,26.93
129,26480367,INFORMATION-TECHNOLOGY,26.87
130,98348532,BANKING,26.8
131,28897981,INFORMATION-TECHNOLOGY,26.68
132,22249155,APPAREL,26.57
133,56025640,APPAREL,26.42
134,20850529,BANKING,26.41
135,27176039,APPAREL,26.26
136,14508237,AUTOMOBILE,26.2
137,11580408,INFORMATION-TECHNOLOGY,26.15
138,27485716,INFORMATION-TECHNOLOGY,26.13
139,90363254,TEACHER,26.07
140,23138078,HEALTHCARE,26.0
141,81011612,DESIGNER,25.82
142,15576950,HR,25.8
143,24953921,DIGITAL-MEDIA,25.79
144,22488036,FITNESS,25.44
145,10840430,INFORMATION-TECHNOLOGY,25.33
146,89413122,INFORMATION-TECHNOLOGY,25.32
147,29839396,BANKING,25.29
148,13586069,CONSULTANT,25.04
149,17545780,HEALTHCARE,25.03
150,20879311,INFORMATION-TECHNOLOGY,25.03
151,10089434,INFORMATION-TECHNOLOGY,25.02
152,18133495,PUBLIC-RELATIONS,24.92
153,91697974,INFORMATION-TECHNOLOGY,24.88
154,27080812,DIGITAL-MEDIA,24.85
155,16899268,INFORMATION-TECHNOLOGY,24.79
156,19179079,HR,24.74
157,28670024,HEALTHCARE,24.73
158,15802627,INFORMATION-TECHNOLOGY,24.7
159,14055971,BUSINESS-DEVELOPMENT,24.65
160,18457785,BANKING,24.46
161,52618188,INFORMATION-TECHNOLOGY,24.44
162,15281412,CONSULTANT,24.25
163,51363762,INFORMATION-TECHNOLOGY,24.13
164,65352424,ARTS,24.13
165,24184357,HR,24.02
166,28923650,ENGINEERING,24.0
167,26456899,ENGINEERING,23.96
168,11676151,AGRICULTURE,23.76
169,19176318,BANKING,23.76
170,35421497,TEACHER,23.69
171,43720116,AVIATION,23.66
172,29051656,INFORMATION-TECHNOLOGY,23.57
173,12467531,TEACHER,23.44
174,57364820,CONSULTANT,23.28
175,50324968,APPAREL,23.18
176,71422121,BANKING,23.18
177,22567495,DESIGNER,23.13
178,11919526,DESIGNER,23.1
179,11065180,BANKING,23.07
180,15433732,CONSULTANT,23.07
181,19850482,INFORMATION-TECHNOLOGY,22.78
182,51724595,CONSULTANT,22.62
183,79541391,INFORMATION-TECHNOLOGY,22.54
184,26888302,AVIATION,22.33
185,95382114,BUSINESS-DEVELOPMENT,22.3
186,25919149,ENGINEERING,22.3
187,26924514,DESIGNER,22.19
188,14413257,APPAREL,22.13
189,23591247,CHEF,21.91
190,95792386,CONSULTANT,21.89
191,13296856,TEACHER,21.79
192,85417107,HEALTHCARE,21.76
193,35483925,BANKING,21.74
194,82246962,ENGINEERING,21.67
195,54227873,ENGINEERING,21.66
196,76196367,TEACHER,21.61
197,33241454,INFORMATION-TECHNOLOGY,21.59
198,25061645,DESIGNER,21.51
199,29525715,PUBLIC-RELATIONS,21.5
200,25718772,AVIATION,21.46
201,17704246,SALES,21.45
202,37220856,ARTS,21.42
203,12374933,CONSULTANT,21.33
204,10549585,FINANCE,21.2
205,89512321,BPO,21.11
206,57262959,CHEF,21.05
207,30097175,ENGINEERING,20.99
208,21866029,HEALTHCARE,20.94
209,12472574,ENGINEERING,20.93
210,27372171,INFORMATION-TECHNOLOGY,20.87
211,44145704,DESIGNER,20.84
212,26790545,DESIGNER,20.83
213,27126818,TEACHER,20.82
214,25926667,ARTS,20.77
215,17963031,HEALTHCARE,20.73
216,28337049,BUSINESS-DEVELOPMENT,20.72
217,10839851,INFORMATION-TECHNOLOGY,20.71
218,24083609,INFORMATION-TECHNOLOGY,20.67
219,24695561,ADVOCATE,20.58
220,17864043,HEALTHCARE,20.45
221,27295996,INFORMATION-TECHNOLOGY,20.43
222,28790806,AUTOMOBILE,20.39
223,90867631,INFORMATION-TECHNOLOGY,20.22
224,50219114,DIGITAL-MEDIA,20.03
225,23864858,DIGITAL-MEDIA,20.01
226,20604208,ADVOCATE,19.94
227,13520837,HR,19.93
228,86597425,TEACHER,19.86
229,38220146,ENGINEERING,19.86
230,46055835,ARTS,19.86
231,25547145,ACCOUNTANT,19.83
232,99124477,BANKING,19.8
233,22510753,TEACHER,19.79
234,33135102,BANKING,19.76
235,24679149,DIGITAL-MEDIA,19.73
236,12526702,CONSULTANT,19.67
237,11584809,INFORMATION-TECHNOLOGY,19.65
238,99244405,TEACHER,19.64
239,38750659,TEACHER,19.63
240,72876163,BANKING,19.6
241,28933005,TEACHER,19.47
242,88907739,CONSULTANT,19.47
243,12413512,ARTS,19.46
244,18488289,DIGITAL-MEDIA,19.44
245,14267489,SALES,19.44
246,31169070,CONSULTANT,19.37
247,10553553,INFORMATION-TECHNOLOGY,19.35
248,29134372,HEALTHCARE,19.33
249,27798860,TEACHER,19.32
250,29134721,SALES,19.31
251,22008817,HEALTHCARE,19.27
252,24588864,ADVOCATE,19.24
253,11981094,ENGINEERING,19.17
254,15535920,CONSULTANT,19.06
255,21283733,DESIGNER,19.02
256,52246737,INFORMATION-TECHNOLOGY,19.0
257,28013287,TEACHER,18.99
258,63391085,TEACHER,18.98
259,24580361,BANKING,18.98
260,27884470,BANKING,18.97
261,28078163,ENGINEERING,18.94
262,38707449,BPO,18.9
263,93576192,ARTS,18.82
264,81508860,DIGITAL-MEDIA,18.8
265,18757174,BUSINESS-DEVELOPMENT,18.73
266,18208580,BANKING,18.71
267,23139819,ACCOUNTANT,18.71
268,46260230,INFORMATION-TECHNOLOGY,18.62
269,31677347,ENGINEERING,18.56
270,53701275,PUBLIC-RELATIONS,18.48
271,70541112,FINANCE,18.43
272,11020140,CONSULTANT,18.42
273,64468610,ENGINEERING,18.4
274,91635250,INFORMATION-TECHNOLOGY,18.39
275,23477199,FITNESS,18.36
276,80503242,ADVOCATE,18.34
277,31926950,HEALTHCARE,18.34
278,23804341,ADVOCATE,18.32
279,17688766,INFORMATION-TECHNOLOGY,18.31
280,18311419,BUSINESS-DEVELOPMENT,18.3
281,31605080,AVIATION,18.27
282,81761658,INFORMATION-TECHNOLOGY,18.21
283,26581830,BUSINESS-DEVELOPMENT,18.19
284,11773767,ADVOCATE,18.19
285,25846894,ACCOUNTANT,18.11
286,24322804,ENGINEERING,18.11
287,18319061,ARTS,18.08
288,31273310,BUSINESS-DEVELOPMENT,18.07
289,34745915,TEACHER,18.03
290,57002858,INFORMATION-TECHNOLOGY,18.0
291,79261033,BPO,17.93
292,34033933,TEACHER,17.93
293,31217840,CONSULTANT,17.92
294,26530696,SALES,17.91
295,22884757,TEACHER,17.9
296,25608963,ENGINEERING,17.88
297,12955994,CONSULTANT,17.86
298,34758680,BANKING,17.82
299,26046064,DESIGNER,17.81
300,11887930,AUTOMOBILE,17.8
301,34740556,HR,17.78
302,62184086,TEACHER,17.76
303,11360471,ARTS,17.63
304,11616482,TEACHER,17.55
305,31273413,ARTS,17.5
306,20748468,HEALTHCARE,17.48
307,31111279,INFORMATION-TECHNOLOGY,17.48
308,23951429,DESIGNER,17.44
309,23527321,INFORMATION-TECHNOLOGY,17.4
310,25676643,HR,17.38
311,16103783,PUBLIC-RELATIONS,17.36
312,17095812,BUSINESS-DEVELOPMENT,17.34
313,80679862,DIGITAL-MEDIA,17.27
314,46514339,APPAREL,17.27
315,29574501,CONSTRUCTION,17.27
316,36856210,INFORMATION-TECHNOLOGY,17.26
317,15791766,INFORMATION-TECHNOLOGY,17.26
318,59777056,FINANCE,17.26
319,96029688,ENGINEERING,17.24
320,91189201,CONSULTANT,17.21
321,32308556,HR,17.16
322,29087505,CONSTRUCTION,17.15
323,29486525,TEACHER,17.11
324,26768723,INFORMATION-TECHNOLOGY,17.1
325,10562768,APPAREL,17.09
326,22391901,ADVOCATE,17.07
327,37764298,INFORMATION-TECHNOLOGY,17.05
328,19557384,BUSINESS-DEVELOPMENT,17.04
329,66683238,TEACHER,17.0
330,20566550,ENGINEERING,16.96
331,15118506,INFORMATION-TECHNOLOGY,16.87
332,25525152,DIGITAL-MEDIA,16.83
333,15792052,FINANCE,16.81
334,87118391,SALES,16.8
335,32042584,BUSINESS-DEVELOPMENT,16.77
336,18172739,BANKING,16.76
337,57088974,FINANCE,16.75
338,13264796,ENGINEERING,16.72
339,27165830,HR,16.7
340,11378657,HEALTHCARE,16.69
341,26202430,HR,16.68
342,34303500,SALES,16.62
343,77156708,BANKING,16.62
344,27397245,FITNESS,16.62
345,26958533,HEALTHCARE,16.6
346,30999638,DIGITAL-MEDIA,16.55
347,28419173,HR,16.54
348,12202337,ACCOUNTANT,16.47
349,34594746,HEALTHCARE,16.46
350,19926135,ADVOCATE,16.43
351,17812897,HR,16.42
352,16492045,BPO,16.4
353,50328713,ENGINEERING,16.39
354,25101183,FINANCE,16.31
355,25200253,BANKING,16.31
356,51777546,HEALTHCARE,16.31
357,14408510,FINANCE,16.29
358,17681064,INFORMATION-TECHNOLOGY,16.25
359,24550866,HEALTHCARE,16.2
360,11490673,FINANCE,16.2
361,26291616,CONSULTANT,16.19
362,51508889,AUTOMOBILE,16.14
363,18036030,CHEF,16.12
364,62555739,CHEF,16.12
365,11188218,ADVOCATE,16.09
366,27523575,HR,16.08
367,51769822,HR,16.08
368,45987048,TEACHER,16.08
369,57667857,HR,16.03
370,76010167,DESIGNER,16.0
371,15011085,FINANCE,15.99
372,75950464,ADVOCATE,15.97
373,55097118,SALES,15.96
374,30529547,SALES,15.95
375,17641670,INFORMATION-TECHNOLOGY,15.94
376,21916744,DESIGNER,15.92
377,28745844,HEALTHCARE,15.9
378,14667659,PUBLIC-RELATIONS,15.89
379,19532392,AGRICULTURE,15.87
380,13418452,APPAREL,15.86
381,18316239,HR,15.85
382,10247517,INFORMATION-TECHNOLOGY,15.81
383,11480899,HR,15.76
384,12613221,HEALTHCARE,15.76
385,18784594,HEALTHCARE,15.76
386,14789139,INFORMATION-TECHNOLOGY,15.7
387,19201175,INFORMATION-TECHNOLOGY,15.69
388,14611516,PUBLIC-RELATIONS,15.69
389,35571205,APPAREL,15.67
390,10953078,AGRICULTURE,15.65
391,52252936,APPAREL,15.64
392,11605833,HEALTHCARE,15.59
393,28628090,ENGINEERING,15.57
394,27529455,DESIGNER,15.56
395,13215696,CONSULTANT,15.55
396,25047127,AUTOMOBILE,15.54
397,14146106,ADVOCATE,15.4
398,32959732,INFORMATION-TECHNOLOGY,15.38
399,22650051,AVIATION,15.36
400,20427934,BUSINESS-DEVELOPMENT,15.36
401,18171955,SALES,15.34
402,63137898,ACCOUNTANT,15.33
403,12122372,APPAREL,15.32
404,15684810,AVIATION,15.3
405,29639533,TEACHER,15.3
406,14640322,HR,15.29
407,28969385,ACCOUNTANT,15.29
408,15083600,CONSULTANT,15.27
409,18365443,HEALTHCARE,15.23
410,14593060,CONSULTANT,15.22
411,23323001,BANKING,15.2
412,27606527,BANKING,15.19
413,14771530,DIGITAL-MEDIA,15.17
414,26173524,PUBLIC-RELATIONS,15.16
415,39855211,ENGINEERING,15.14
416,19108760,ADVOCATE,15.12
417,16887936,ARTS,15.12
418,15265464,ARTS,15.09
419,88651471,PUBLIC-RELATIONS,15.09
420,11677012,DIGITAL-MEDIA,14.99
421,10909720,TEACHER,14.96
422,98309114,HEALTHCARE,14.96
423,27040860,ENGINEERING,14.95
424,34511655,DESIGNER,14.83
425,86595128,FINANCE,14.83
426,20574232,CONSULTANT,14.81
427,31243710,INFORMATION-TECHNOLOGY,14.79
428,39082090,HEALTHCARE,14.77
429,29821051,ACCOUNTANT,14.74
430,17818707,BANKING,14.72
431,33370664,BANKING,14.7
432,23510685,HR,14.67
433,14064815,ADVOCATE,14.65
434,37201447,AGRICULTURE,14.63
435,29510501,AGRICULTURE,14.59
436,44185767,DESIGNER,14.59
437,21847415,ENGINEERING,14.58
438,35971546,CONSTRUCTION,14.58
439,28139742,SALES,14.58
440,33704389,TEACHER,14.57
441,22983516,CONSTRUCTION,14.53
442,13454871,CONSULTANT,14.53
443,28198029,SALES,14.52
444,24670867,FINANCE,14.49
445,85766635,PUBLIC-RELATIONS,14.48
446,17111768,INFORMATION-TECHNOLOGY,14.47
447,18334783,HR,14.46
448,20925036,HR,14.45
449,39166680,DIGITAL-MEDIA,14.39
450,51209395,TEACHER,14.38
451,37292350,AGRICULTURE,14.37
452,93301686,DESIGNER,14.36
453,13809698,ADVOCATE,14.36
454,38946032,CONSTRUCTION,14.34
455,23032182,SALES,14.34
456,16332348,ADVOCATE,14.29
457,23015611,PUBLIC-RELATIONS,14.28
458,29897742,AGRICULTURE,14.27
459,10830646,ARTS,14.26
460,44476983,HR,14.25
461,26341645,AUTOMOBILE,14.23
462,58208591,APPAREL,14.2
463,20977412,FINANCE,14.19
464,79663360,TEACHER,14.16
465,16300459,BANKING,14.13
466,69199666,HEALTHCARE,14.12
467,16244633,ARTS,14.11
468,12045067,INFORMATION-TECHNOLOGY,14.09
469,12695799,FITNESS,14.09
470,26079779,ARTS,14.07
471,27330027,FINANCE,14.07
472,14181049,FINANCE,14.06
473,17926546,ENGINEERING,14.01
474,25451319,HEALTHCARE,14.01
475,26932091,SALES,14.0
476,93653247,FINANCE,13.99
477,20211577,HEALTHCARE,13.98
478,17714174,APPAREL,13.92
479,28975482,PUBLIC-RELATIONS,13.92
480,55953734,ENGINEERING,13.9
481,29573698,FITNESS,13.84
482,28630325,ENGINEERING,13.83
483,10751444,DESIGNER,13.81
484,99033098,ARTS,13.8
485,26676567,DESIGNER,13.8
486,21867728,ARTS,13.76
487,36107065,PUBLIC-RELATIONS,13.75
488,27512470,AVIATION,13.72
489,19090468,HEALTHCARE,13.7
490,26975573,ACCOUNTANT,13.69
491,25207620,INFORMATION-TECHNOLOGY,13.69
492,29148871,ARTS,13.68
493,32081266,ENGINEERING,13.66
494,24889109,INFORMATION-TECHNOLOGY,13.66
495,38457612,CONSULTANT,13.66
496,14287992,BUSINESS-DEVELOPMENT,13.66
497,29075857,INFORMATION-TECHNOLOGY,13.64
498,17570634,CONSTRUCTION,13.63
499,19671909,ARTS,13.63
500,24294778,ACCOUNTANT,13.62
501,22732234,AUTOMOBILE,13.61
502,20470943,PUBLIC-RELATIONS,13.61
503,55104715,SALES,13.59
504,19302310,TEACHER,13.54
505,24020470,INFORMATION-TECHNOLOGY,13.53
506,18645964,BANKING,13.53
507,30361788,ACCOUNTANT,13.51
508,11152490,AUTOMOBILE,13.5
509,20408458,INFORMATION-TECHNOLOGY,13.48
510,31850269,CONSTRUCTION,13.45
511,34141299,AGRICULTURE,13.44
512,35325329,INFORMATION-TECHNOLOGY,13.44
513,10228751,BUSINESS-DEVELOPMENT,13.39
514,28951817,CONSULTANT,13.38
515,20237244,INFORMATION-TECHNOLOGY,13.38
516,54180474,ARTS,13.37
517,22890839,ENGINEERING,13.37
518,16962067,ARTS,13.36
519,35603950,APPAREL,13.35
520,98513424,FINANCE,13.35
521,59962788,HR,13.33
522,36170003,BUSINESS-DEVELOPMENT,13.33
523,51432451,CONSULTANT,13.33
524,31225895,APPAREL,13.33
525,69181350,CONSULTANT,13.32
526,14449423,ACCOUNTANT,13.31
527,10984392,CONSULTANT,13.3
528,18084150,HR,13.29
529,50432401,ARTS,13.28
530,13907230,CONSTRUCTION,13.27
531,29865476,DESIGNER,13.27
532,12938389,FITNESS,13.27
533,23955183,FINANCE,13.26
534,29926588,ADVOCATE,13.25
535,25038571,DIGITAL-MEDIA,13.21
536,33381211,INFORMATION-TECHNOLOGY,13.21
537,23568641,BUSINESS-DEVELOPMENT,13.21
538,16121387,HEALTHCARE,13.2
539,28772892,TEACHER,13.19
540,49325370,HEALTHCARE,13.19
541,72807293,APPAREL,13.19
542,53129155,TEACHER,13.19
543,22800977,ARTS,13.18
544,18198627,DESIGNER,13.14
545,35564026,BANKING,13.13
546,19786924,TEACHER,13.13
547,28939941,ACCOUNTANT,13.1
548,38698573,ADVOCATE,13.1
549,14937492,APPAREL,13.1
550,23522150,AUTOMOBILE,13.08
551,19156751,SALES,13.06
552,25873425,ADVOCATE,13.02
553,23841877,CHEF,13.01
554,29149998,HR,13.01
555,21645690,BANKING,13.0
556,22925443,ACCOUNTANT,12.99
557,26695839,HEALTHCARE,12.98
558,11441764,FINANCE,12.98
559,93112113,HR,12.97
560,36694627,ADVOCATE,12.93
561,94230796,ARTS,12.9
562,58428843,SALES,12.9
563,37818861,CONSULTANT,12.89
564,17115815,BUSINESS-DEVELOPMENT,12.88
565,24763208,ADVOCATE,12.84
566,17108676,ENGINEERING,12.83
567,22551979,TEACHER,12.83
568,16203589,CONSTRUCTION,12.82
569,68781345,BANKING,12.79
570,20026169,AVIATION,12.78
571,28383893,AVIATION,12.76
572,15423153,BUSINESS-DEVELOPMENT,12.74
573,39237915,BUSINESS-DEVELOPMENT,12.74
574,97123005,FITNESS,12.73
575,17396388,BANKING,12.7
576,14515954,FITNESS,12.68
577,11333660,CONSULTANT,12.68
578,88859947,CONSTRUCTION,12.67
579,16279537,AVIATION,12.64
580,22632070,TEACHER,12.64
581,27084878,FITNESS,12.63
582,36805025,BUSINESS-DEVELOPMENT,12.6
583,25080805,BANKING,12.6
584,63083944,CONSTRUCTION,12.6
585,20882041,ENGINEERING,12.59
586,17510973,AUTOMOBILE,12.58
587,12567516,PUBLIC-RELATIONS,12.56
588,29825044,BUSINESS-DEVELOPMENT,12.54
589,16533554,INFORMATION-TECHNOLOGY,12.53
590,29173771,ADVOCATE,12.52
591,29564653,HR,12.5
592,20272792,ADVOCATE,12.5
593,24710433,PUBLIC-RELATIONS,12.5
594,12802330,ACCOUNTANT,12.49
595,18024825,FINANCE,12.48
596,20399718,TEACHER,12.46
597,39776400,DESIGNER,12.46
598,19518606,ADVOCATE,12.44
599,37664296,DESIGNER,12.43
600,61579998,ENGINEERING,12.43
601,30304575,ACCOUNTANT,12.43
602,62850928,FINANCE,12.42
603,22259768,CONSULTANT,12.41
604,12155206,CHEF,12.41
605,23246831,ACCOUNTANT,12.41
606,98389424,AVIATION,12.4
607,21321598,PUBLIC-RELATIONS,12.39
608,34712719,PUBLIC-RELATIONS,12.36
609,33176873,HR,12.36
610,32563518,HEALTHCARE,12.33
611,19446337,ACCOUNTANT,12.33
612,17286050,FITNESS,12.31
613,69458502,AVIATION,12.28
614,12518008,ENGINEERING,12.27
615,17509935,SALES,12.26
616,27233183,SALES,12.25
617,18365791,ACCOUNTANT,12.22
618,18001081,TEACHER,12.21
619,15499825,HEALTHCARE,12.21
620,21773106,TEACHER,12.2
621,87520378,HEALTHCARE,12.17
622,49204385,ACCOUNTANT,12.17
623,11262933,BANKING,12.16
624,58879993,HEALTHCARE,12.14
625,15484011,AUTOMOBILE,12.14
626,39115899,ACCOUNTANT,12.13
627,13837784,DIGITAL-MEDIA,12.13
628,32067700,TEACHER,12.12
629,91515108,AUTOMOBILE,12.1
630,58165257,FINANCE,12.08
631,58105060,TEACHER,12.07
632,28974459,ADVOCATE,12.07
633,27164756,ARTS,12.07
634,28815362,CONSTRUCTION,12.06
635,37335325,ENGINEERING,12.04
636,36019469,ARTS,12.03
637,96547039,TEACHER,12.03
638,28290448,PUBLIC-RELATIONS,12.01
639,13888506,BUSINESS-DEVELOPMENT,12.0
640,12488356,ENGINEERING,11.99
641,29147100,DESIGNER,11.99
642,20110597,HEALTHCARE,11.99
643,49685006,CONSTRUCTION,11.98
644,56952849,DIGITAL-MEDIA,11.97
645,56691064,ENGINEERING,11.96
646,64017585,INFORMATION-TECHNOLOGY,11.96
647,54100393,ARTS,11.94
648,78403342,ACCOUNTANT,11.93
649,25150191,HR,11.92
650,12890045,CONSTRUCTION,11.91
651,24508725,HR,11.89
652,22455205,PUBLIC-RELATIONS,11.89
653,19405513,FINANCE,11.89
654,11183737,BPO,11.88
655,98559931,ACCOUNTANT,11.87
656,10176815,AVIATION,11.84
657,29456173,ACCOUNTANT,11.84
658,24913648,INFORMATION-TECHNOLOGY,11.83
659,20905088,APPAREL,11.82
660,23814777,HEALTHCARE,11.8
661,30430249,APPAREL,11.79
662,29297973,HR,11.79
663,49777184,CONSULTANT,11.78
664,29399491,SALES,11.78
665,25330083,FINANCE,11.77
666,28640735,HR,11.76
667,23387174,ACCOUNTANT,11.76
668,24668861,AVIATION,11.75
669,15850434,TEACHER,11.73
670,19796840,INFORMATION-TECHNOLOGY,11.73
671,74849878,FINANCE,11.72
672,38907798,FINANCE,11.72
673,23011221,FITNESS,11.71
674,17880988,FINANCE,11.69
675,36074301,SALES,11.68
676,20993320,HR,11.66
677,54067174,ADVOCATE,11.65
678,30127072,BANKING,11.65
679,39650734,HR,11.65
680,27531694,TEACHER,11.64
681,10333299,CHEF,11.6
682,38897568,BANKING,11.6
683,33872500,BANKING,11.56
684,28949406,CONSTRUCTION,11.55
685,23085604,DIGITAL-MEDIA,11.55
686,64471954,HEALTHCARE,11.51
687,38291889,ADVOCATE,11.51
688,14886205,HR,11.5
689,26046878,APPAREL,11.49
690,59696315,BUSINESS-DEVELOPMENT,11.48
691,26622051,DESIGNER,11.46
692,17025292,CONSULTANT,11.46
693,31929166,DIGITAL-MEDIA,11.46
694,32441790,PUBLIC-RELATIONS,11.46
695,55477468,SALES,11.44
696,94417768,DESIGNER,11.44
697,29797594,TEACHER,11.43
698,28086303,TEACHER,11.43
699,23761385,AVIATION,11.43
700,16407619,BANKING,11.42
701,23009962,AUTOMOBILE,11.41
702,18557164,HR,11.35
703,14879257,ARTS,11.35
704,17276884,BANKING,11.34
705,28614791,ACCOUNTANT,11.33
706,37374340,HEALTHCARE,11.33
707,20423658,SALES,11.3
708,14966165,PUBLIC-RELATIONS,11.28
709,57706851,BPO,11.28
710,76530505,FITNESS,11.27
711,21570485,APPAREL,11.25
712,26127853,PUBLIC-RELATIONS,11.25
713,36331163,CONSTRUCTION,11.24
714,24124250,ADVOCATE,11.24
715,32433431,CONSULTANT,11.23
716,31162167,DIGITAL-MEDIA,11.23
717,19053815,DIGITAL-MEDIA,11.22
718,10235211,BUSINESS-DEVELOPMENT,11.21
719,28808263,HR,11.19
720,26780935,HR,11.19
721,13879043,HR,11.18
722,21780877,INFORMATION-TECHNOLOGY,11.18
723,14861855,BUSINESS-DEVELOPMENT,11.18
724,92524964,FINANCE,11.16
725,17488801,ENGINEERING,11.16
726,20765795,ADVOCATE,11.14
727,86322251,TEACHER,11.11
728,22807104,TEACHER,11.11
729,39081840,HR,11.11
730,16723524,APPAREL,11.09
731,43408471,AVIATION,11.09
732,24754689,ADVOCATE,11.09
733,15484097,DIGITAL-MEDIA,11.09
734,37001381,HEALTHCARE,11.08
735,24038620,INFORMATION-TECHNOLOGY,11.07
736,11847784,HR,11.07
737,33893326,DIGITAL-MEDIA,11.06
738,58665241,TEACHER,11.05
739,73075521,CONSULTANT,11.05
740,44115326,ADVOCATE,11.04
741,32794700,ARTS,11.02
742,49937469,HR,10.99
743,83206166,ARTS,10.96
744,15620421,SALES,10.96
745,97449528,AUTOMOBILE,10.94
746,36094883,APPAREL,10.93
747,19234823,ADVOCATE,10.92
748,51349448,SALES,10.92
749,77626587,AVIATION,10.91
750,12239749,AVIATION,10.89
751,17378327,SALES,10.89
752,18949843,HEALTHCARE,10.88
753,30968749,DESIGNER,10.88
754,31292364,PUBLIC-RELATIONS,10.88
755,37751611,ARTS,10.86
756,19717385,HR,10.86
757,15891494,FINANCE,10.86
758,87635012,ACCOUNTANT,10.86
759,14391434,BANKING,10.83
760,66741193,FINANCE,10.82
761,14743911,DESIGNER,10.82
762,77638654,FINANCE,10.82
763,13330982,TEACHER,10.8
764,74191424,ADVOCATE,10.8
765,32947778,HR,10.8
766,71576860,CONSTRUCTION,10.79
767,79536879,AGRICULTURE,10.79
768,12668625,APPAREL,10.78
769,74816727,TEACHER,10.77
770,85973397,PUBLIC-RELATIONS,10.76
771,27921561,DIGITAL-MEDIA,10.76
772,34046031,BUSINESS-DEVELOPMENT,10.76
773,13352113,HEALTHCARE,10.72
774,82125182,ENGINEERING,10.72
775,27710853,BPO,10.71
776,72652441,ADVOCATE,10.71
777,22093368,FITNESS,10.71
778,24410405,ADVOCATE,10.7
779,26410763,ARTS,10.69
780,11332602,FITNESS,10.68
781,28186635,AVIATION,10.67
782,73282756,DIGITAL-MEDIA,10.66
783,13342150,ADVOCATE,10.66
784,33803142,HEALTHCARE,10.66
785,29297393,CONSULTANT,10.66
786,21060367,ARTS,10.65
787,29221006,AVIATION,10.65
788,47133747,ADVOCATE,10.64
789,17686472,AVIATION,10.63
790,35302620,FITNESS,10.63
791,38565119,DESIGNER,10.61
792,17847636,ADVOCATE,10.6
793,98965485,BANKING,10.59
794,17659053,APPAREL,10.59
795,66906212,TEACHER,10.59
796,19464810,TEACHER,10.57
797,24611721,FINANCE,10.55
798,24416961,AGRICULTURE,10.55
799,28642819,TEACHER,10.54
800,35344611,ADVOCATE,10.51
801,18824120,BANKING,10.5
802,13565152,HEALTHCARE,10.5
803,20314980,CONSULTANT,10.48
804,16855929,CHEF,10.47
805,26341987,DIGITAL-MEDIA,10.47
806,54421668,BANKING,10.45
807,41523474,HR,10.45
808,91116867,CONSULTANT,10.44
809,13477922,INFORMATION-TECHNOLOGY,10.44
810,12092347,FITNESS,10.44
811,24833063,FINANCE,10.43
812,17412079,HR,10.43
813,28623782,FINANCE,10.43
814,37087824,FITNESS,10.42
815,20400279,ADVOCATE,10.41
816,28711616,ARTS,10.4
817,30813919,ACCOUNTANT,10.4
818,20806155,HR,10.39
819,89508407,ADVOCATE,10.37
820,38108845,FITNESS,10.36
821,20478831,TEACHER,10.35
822,10527994,TEACHER,10.34
823,18589927,BPO,10.34
824,24740005,CONSTRUCTION,10.33
825,47470864,HR,10.33
826,29014805,BUSINESS-DEVELOPMENT,10.32
827,13272204,ARTS,10.31
828,23917826,ARTS,10.31
829,21782152,CONSTRUCTION,10.31
830,36102323,AGRICULTURE,10.3
831,11444536,CHEF,10.29
832,62071407,ENGINEERING,10.28
833,14055988,ACCOUNTANT,10.26
834,11698189,HR,10.25
835,23048999,PUBLIC-RELATIONS,10.25
836,17855844,HR,10.24
837,95714702,ADVOCATE,10.24
838,17694454,ARTS,10.24
839,16803215,ENGINEERING,10.23
840,93988900,HEALTHCARE,10.23
841,36366044,CHEF,10.22
842,23513618,ACCOUNTANT,10.22
843,24068423,AGRICULTURE,10.21
844,11232471,APPAREL,10.21
845,90365216,FITNESS,10.19
846,15293959,FITNESS,10.18
847,27502951,AVIATION,10.18
848,27213082,BUSINESS-DEVELOPMENT,10.18
849,16210888,TEACHER,10.17
850,67501448,BUSINESS-DEVELOPMENT,10.16
851,60624892,HEALTHCARE,10.15
852,30344127,APPAREL,10.15
853,70892619,TEACHER,10.14
854,29647215,CONSULTANT,10.14
855,28020046,AVIATION,10.14
856,23438112,ACCOUNTANT,10.14
857,12695537,CONSTRUCTION,10.13
858,13376919,HR,10.13
859,24647794,ENGINEERING,10.12
860,26908066,HEALTHCARE,10.12
861,18752129,INFORMATION-TECHNOLOGY,10.1
862,11958994,DESIGNER,10.09
863,45286020,TEACHER,10.08
864,90629382,BUSINESS-DEVELOPMENT,10.08
865,18997135,ADVOCATE,10.08
866,21031285,ACCOUNTANT,10.07
867,34304175,ARTS,10.02
868,22047665,SALES,10.02
869,14536764,PUBLIC-RELATIONS,10.02
870,21629057,ENGINEERING,10.0
871,14036515,DIGITAL-MEDIA,10.0
872,36379931,ARTS,9.99
873,75057933,ADVOCATE,9.99
874,19497420,PUBLIC-RELATIONS,9.98
875,29998869,FINANCE,9.98
876,32069695,AUTOMOBILE,9.93
877,15535408,APPAREL,9.93
878,13072354,ADVOCATE,9.9
879,30862904,HR,9.89
880,24061629,ARTS,9.89
881,13491889,ACCOUNTANT,9.88
882,24397882,AGRICULTURE,9.87
883,14910300,PUBLIC-RELATIONS,9.86
884,12334140,INFORMATION-TECHNOLOGY,9.86
885,23760084,SALES,9.86
886,29142288,AGRICULTURE,9.86
887,56068028,AGRICULTURE,9.84
888,15154822,APPAREL,9.82
889,34465087,TEACHER,9.81
890,11943065,TEACHER,9.81
891,13855004,TEACHER,9.8
892,28092317,CHEF,9.76
893,22056333,TEACHER,9.75
894,93436805,CONSTRUCTION,9.74
895,14070138,BUSINESS-DEVELOPMENT,9.74
896,28247753,AGRICULTURE,9.74
897,23666211,INFORMATION-TECHNOLOGY,9.74
898,26048718,HR,9.73
899,12251115,CONSULTANT,9.73
900,33344933,ARTS,9.72
901,28697203,INFORMATION-TECHNOLOGY,9.71
902,30311725,CONSTRUCTION,9.71
903,73077810,HR,9.71
904,17499196,AGRICULTURE,9.7
905,13569152,CONSULTANT,9.7
906,35474904,ADVOCATE,9.69
907,21807211,APPAREL,9.65
908,16861758,HR,9.64
909,70603826,FITNESS,9.62
910,30864828,DIGITAL-MEDIA,9.61
911,11005406,DIGITAL-MEDIA,9.61
912,18480859,CHEF,9.61
913,10568183,HEALTHCARE,9.6
914,25001005,PUBLIC-RELATIONS,9.6
915,67631413,AVIATION,9.59
916,32025286,CONSTRUCTION,9.53
917,15363277,ACCOUNTANT,9.53
918,26167298,CONSULTANT,9.52
919,74512244,FINANCE,9.51
920,20172393,HEALTHCARE,9.5
921,27030979,HEALTHCARE,9.5
922,23864648,INFORMATION-TECHNOLOGY,9.49
923,53265899,CHEF,9.49
924,13129275,PUBLIC-RELATIONS,9.47
925,15727656,ADVOCATE,9.46
926,27914096,FINANCE,9.43
927,16172429,AGRICULTURE,9.43
928,32531824,BUSINESS-DEVELOPMENT,9.43
929,11432686,CHEF,9.42
930,27182111,ADVOCATE,9.42
931,21366189,CONSULTANT,9.41
932,15297298,INFORMATION-TECHNOLOGY,9.39
933,19918523,TEACHER,9.38
934,10399912,HR,9.37
935,27187994,CONSTRUCTION,9.36
936,23155093,HR,9.36
937,95769832,FITNESS,9.35
938,17781039,SALES,9.34
939,20393721,ACCOUNTANT,9.34
940,12254068,CHEF,9.33
941,25482567,FITNESS,9.33
942,18586076,ARTS,9.32
943,20628003,DIGITAL-MEDIA,9.31
944,11653906,HEALTHCARE,9.31
945,18767449,FITNESS,9.31
946,21478007,PUBLIC-RELATIONS,9.31
947,16223371,SALES,9.3
948,98379112,BUSINESS-DEVELOPMENT,9.3
949,14517953,CONSULTANT,9.29
950,33750209,HEALTHCARE,9.29
951,12654876,CONSTRUCTION,9.28
952,15856762,BANKING,9.28
953,24025053,HEALTHCARE,9.27
954,34317538,DESIGNER,9.27
955,36861863,HEALTHCARE,9.24
956,19556300,TEACHER,9.24
957,20275356,FINANCE,9.24
958,39674782,CONSTRUCTION,9.23
959,12786012,HR,9.23
960,20553895,BUSINESS-DEVELOPMENT,9.22
961,24977396,PUBLIC-RELATIONS,9.21
962,66832845,INFORMATION-TECHNOLOGY,9.21
963,81042872,AGRICULTURE,9.2
964,11169163,AVIATION,9.19
965,13593241,ADVOCATE,9.17
966,10659182,ADVOCATE,9.17
967,21007083,APPAREL,9.16
968,78257294,ACCOUNTANT,9.16
969,40792022,BUSINESS-DEVELOPMENT,9.15
970,39675895,FINANCE,9.15
971,34319869,DIGITAL-MEDIA,9.15
972,19473948,SALES,9.14
973,14626780,BANKING,9.14
974,43994605,HEALTHCARE,9.14
975,30397268,CONSTRUCTION,9.13
976,23918545,HEALTHCARE,9.13
977,20918464,FINANCE,9.11
978,71772815,SALES,9.1
979,27524018,TEACHER,9.09
980,21338490,ACCOUNTANT,9.08
981,19037403,FITNESS,9.07
982,27549075,APPAREL,9.05
983,27096471,CONSULTANT,9.03
984,27770859,INFORMATION-TECHNOLOGY,9.02
985,14569498,CHEF,9.02
986,29915354,DIGITAL-MEDIA,9.01
987,15765660,SALES,9.0
988,86209934,ENGINEERING,8.99
989,82118447,BUSINESS-DEVELOPMENT,8.98
990,25862026,ACCOUNTANT,8.97
991,20504094,APPAREL,8.96
992,21868149,AGRICULTURE,8.93
993,12315079,HEALTHCARE,8.93
994,74552449,BANKING,8.92
995,23234047,ENGINEERING,8.9
996,15932017,FITNESS,8.9
997,18805506,BANKING,8.89
998,31552617,TEACHER,8.89
999,40018190,INFORMATION-TECHNOLOGY,8.89
1000,15224503,FINANCE,8.88
1001,10219099,ENGINEERING,8.88
1002,21856577,BANKING,8.88
1003,12504278,AVIATION,8.87
1004,29521434,APPAREL,8.87
1005,18975686,FINANCE,8.86
1006,36569713,TEACHER,8.85
1007,13982572,BANKING,8.84
1008,18714571,HEALTHCARE,8.83
1009,25422388,DESIGNER,8.82
1010,24491862,PUBLIC-RELATIONS,8.8
1011,25857360,INFORMATION-TECHNOLOGY,8.8
1012,99680385,AUTOMOBILE,8.79
1013,37472265,ARTS,8.78
1014,34554248,HR,8.78
1015,14990354,BUSINESS-DEVELOPMENT,8.78
1016,20880935,FINANCE,8.78
1017,19616406,HR,8.78
1018,47487091,AUTOMOBILE,8.78
1019,27298953,CHEF,8.77
1020,22492537,FINANCE,8.77
1021,10568350,FITNESS,8.77
1022,63282405,FITNESS,8.77
1023,80000092,FITNESS,8.76
1024,48285304,FINANCE,8.76
1025,10554045,PUBLIC-RELATIONS,8.75
1026,21595057,SALES,8.74
1027,10466208,HEALTHCARE,8.74
1028,10281555,CONSTRUCTION,8.72
1029,15375009,HR,8.72
1030,34250007,FINANCE,8.71
1031,38989376,AVIATION,8.7
1032,37348041,ADVOCATE,8.7
1033,11995013,ARTS,8.7
1034,12059610,APPAREL,8.69
1035,69532425,TEACHER,8.69
1036,73157997,BANKING,8.69
1037,23914451,HR,8.68
1038,39142536,BANKING,8.66
1039,13343786,DIGITAL-MEDIA,8.66
1040,16237710,ACCOUNTANT,8.66
1041,39718499,INFORMATION-TECHNOLOGY,8.66
1042,23427369,ADVOCATE,8.65
1043,26767199,FINANCE,8.65
1044,50222417,ACCOUNTANT,8.65
1045,17033567,ARTS,8.63
1046,19161572,CONSULTANT,8.62
1047,73497035,ARTS,8.62
1048,29746235,AGRICULTURE,8.62
1049,24103168,ACCOUNTANT,8.61
1050,60182829,BANKING,8.59
1051,12442909,ACCOUNTANT,8.59
1052,20981299,ENGINEERING,8.57
1053,32219038,HEALTHCARE,8.56
1054,14241621,BUSINESS-DEVELOPMENT,8.56
1055,34816637,ACCOUNTANT,8.55
1056,10712803,ENGINEERING,8.55
1057,54308684,APPAREL,8.55
1058,20966771,PUBLIC-RELATIONS,8.54
1059,20148147,ARTS,8.53
1060,30757456,FITNESS,8.52
1061,27573855,ACCOUNTANT,8.52
1062,26013403,FINANCE,8.5
1063,19818707,AVIATION,8.49
1064,29211919,SALES,8.49
1065,17915015,FITNESS,8.49
1066,13087952,TEACHER,8.48
1067,36904300,SALES,8.47
1068,24230851,INFORMATION-TECHNOLOGY,8.46
1069,22506245,DESIGNER,8.44
1070,37360517,SALES,8.44
1071,11289482,BUSINESS-DEVELOPMENT,8.44
1072,36758947,ARTS,8.44
1073,10738095,APPAREL,8.43
1074,18106533,ARTS,8.43
1075,73448369,ADVOCATE,8.43
1076,11209758,CHEF,8.42
1077,17021141,ADVOCATE,8.41
1078,33665485,APPAREL,8.41
1079,91121135,INFORMATION-TECHNOLOGY,8.4
1080,13727873,PUBLIC-RELATIONS,8.4
1081,20210676,DIGITAL-MEDIA,8.39
1082,17539842,HEALTHCARE,8.39
1083,69097572,BPO,8.38
1084,24703009,ACCOUNTANT,8.36
1085,38007664,BUSINESS-DEVELOPMENT,8.36
1086,93349646,CONSULTANT,8.36
1087,46258701,HR,8.35
1088,21663616,PUBLIC-RELATIONS,8.35
1089,13583538,TEACHER,8.35
1090,27090089,HEALTHCARE,8.32
1091,29483501,CONSTRUCTION,8.32
1092,48547319,TEACHER,8.31
1093,11672279,BANKING,8.31
1094,29050809,ACCOUNTANT,8.31
1095,37263609,DESIGNER,8.31
1096,15553584,BANKING,8.29
1097,16804396,CHEF,8.29
1098,30083943,SALES,8.29
1099,24989856,APPAREL,8.29
1100,27024099,ARTS,8.27
1101,25213006,CONSULTANT,8.26
1102,25023614,DESIGNER,8.25
1103,36252245,AVIATION,8.24
1104,21531811,TEACHER,8.24
1105,20138606,ADVOCATE,8.24
1106,59938965,FINANCE,8.23
1107,15651486,INFORMATION-TECHNOLOGY,8.22
1108,16849128,AGRICULTURE,8.21
1109,57575888,FITNESS,8.21
1110,77828437,ENGINEERING,8.2
1111,25723793,DIGITAL-MEDIA,8.2
1112,84356308,FINANCE,8.2
1113,23438227,ENGINEERING,8.19
1114,17983430,AVIATION,8.18
1115,13503650,DIGITAL-MEDIA,8.18
1116,24349611,ARTS,8.18
1117,90066849,DESIGNER,8.16
1118,14496667,ACCOUNTANT,8.14
1119,26750846,FINANCE,8.13
1120,12022566,ENGINEERING,8.13
1121,38663892,AVIATION,8.13
1122,31813535,BUSINESS-DEVELOPMENT,8.12
1123,78016758,CONSULTANT,8.11
1124,25678238,FINANCE,8.1
1125,16985289,APPAREL,8.1
1126,30542184,ENGINEERING,8.1
1127,18501746,DIGITAL-MEDIA,8.08
1128,19336728,HR,8.08
1129,70196518,DIGITAL-MEDIA,8.07
1130,79376680,SALES,8.06
1131,21125113,DIGITAL-MEDIA,8.05
1132,39027764,CONSTRUCTION,8.04
1133,11415967,CONSULTANT,8.04
1134,25656981,CONSTRUCTION,8.04
1135,25624652,BANKING,8.03
1136,19582792,SALES,8.03
1137,55595908,ENGINEERING,8.01
1138,39805617,FITNESS,8.0
1139,14708590,ADVOCATE,7.98
1140,15575117,HR,7.97
1141,24983760,ARTS,7.97
1142,15210069,AUTOMOBILE,7.96
1143,38056161,PUBLIC-RELATIONS,7.95
1144,43852883,APPAREL,7.94
1145,75744306,HEALTHCARE,7.94
1146,67406885,CONSULTANT,7.93
1147,36970996,SALES,7.93
1148,51638201,CONSTRUCTION,7.93
1149,20324037,ADVOCATE,7.93
1150,43752620,ENGINEERING,7.92
1151,77576845,BUSINESS-DEVELOPMENT,7.91
1152,36727173,AVIATION,7.91
1153,27004930,BUSINESS-DEVELOPMENT,7.9
1154,50775901,AVIATION,7.9
1155,24221960,CHEF,7.89
1156,28175164,HR,7.87
1157,20490741,DIGITAL-MEDIA,7.87
1158,91564103,FINANCE,7.87
1159,90280583,ENGINEERING,7.87
1160,21853199,ACCOUNTANT,7.85
1161,10541358,BUSINESS-DEVELOPMENT,7.85
1162,26586477,APPAREL,7.85
1163,24658786,DIGITAL-MEDIA,7.85
1164,15811992,BUSINESS-DEVELOPMENT,7.83
1165,22408666,TEACHER,7.81
1166,91533580,APPAREL,7.81
1167,82649935,ACCOUNTANT,7.81
1168,58915642,DIGITAL-MEDIA,7.81
1169,25935030,ACCOUNTANT,7.8
1170,88691367,CONSULTANT,7.79
1171,10945968,AVIATION,7.77
1172,12192507,AVIATION,7.77
1173,15145575,BPO,7.77
1174,26834746,ENGINEERING,7.76
1175,23004695,FITNESS,7.74
1176,25867805,ACCOUNTANT,7.73
1177,32773331,CONSTRUCTION,7.73
1178,17857644,ARTS,7.73
1179,11763983,HR,7.72
1180,97169343,HEALTHCARE,7.72
1181,27902692,AVIATION,7.71
1182,15721849,CONSTRUCTION,7.71
1183,38535335,ENGINEERING,7.71
1184,24154692,AVIATION,7.69
1185,13701259,ACCOUNTANT,7.69
1186,25729119,TEACHER,7.69
1187,16605640,APPAREL,7.68
1188,13348915,SALES,7.67
1189,26673507,BANKING,7.65
1190,17166018,FITNESS,7.64
1191,54259150,FITNESS,7.64
1192,12019284,FITNESS,7.62
1193,24530382,FINANCE,7.62
1194,34583750,DIGITAL-MEDIA,7.61
1195,42546558,AVIATION,7.61
1196,32651555,FITNESS,7.61
1197,13386301,APPAREL,7.59
1198,34962725,HEALTHCARE,7.58
1199,10724818,SALES,7.57
1200,28111403,ADVOCATE,7.56
1201,28635795,ADVOCATE,7.56
1202,31761591,APPAREL,7.56
1203,23398843,TEACHER,7.55
1204,91026230,APPAREL,7.54
1205,24767027,FITNESS,7.53
1206,26130673,PUBLIC-RELATIONS,7.52
1207,29908929,BUSINESS-DEVELOPMENT,7.52
1208,14945250,DIGITAL-MEDIA,7.52
1209,60489316,BANKING,7.52
1210,21101152,CHEF,7.51
1211,22571461,CONSULTANT,7.5
1212,17911230,ADVOCATE,7.49
1213,15821633,ACCOUNTANT,7.49
1214,32385553,BUSINESS-DEVELOPMENT,7.49
1215,17481570,TEACHER,7.49
1216,24905947,FITNESS,7.47
1217,23636277,ACCOUNTANT,7.46
1218,17213671,BANKING,7.45
1219,16474898,FITNESS,7.45
1220,38087844,SALES,7.43
1221,48037995,INFORMATION-TECHNOLOGY,7.43
1222,42164460,ADVOCATE,7.42
1223,26278597,BUSINESS-DEVELOPMENT,7.42
1224,27120528,BANKING,7.41
1225,25128608,CHEF,7.41
1226,26994282,SALES,7.41
1227,15603319,AGRICULTURE,7.4
1228,26125407,HEALTHCARE,7.39
1229,19938081,FITNESS,7.39
1230,25187733,CONSTRUCTION,7.38
1231,23752500,ARTS,7.37
1232,28176889,CHEF,7.37
1233,15592167,ACCOUNTANT,7.36
1234,23734441,ACCOUNTANT,7.36
1235,12938200,HEALTHCARE,7.36
1236,19975121,FITNESS,7.36
1237,29177904,ADVOCATE,7.35
1238,22765255,BUSINESS-DEVELOPMENT,7.35
1239,15918496,SALES,7.34
1240,28419927,BANKING,7.34
1241,28724469,FINANCE,7.33
1242,89049979,BANKING,7.32
1243,14126433,ACCOUNTANT,7.31
1244,19599699,FITNESS,7.3
1245,29184740,SALES,7.3
1246,20345168,ACCOUNTANT,7.28
1247,27257013,PUBLIC-RELATIONS,7.28
1248,70198580,AVIATION,7.28
1249,30563572,HR,7.27
1250,25507648,FITNESS,7.27
1251,49486820,ADVOCATE,7.27
1252,25749150,ACCOUNTANT,7.26
1253,22259475,ADVOCATE,7.24
1254,15313140,ADVOCATE,7.24
1255,18242317,AGRICULTURE,7.23
1256,19558834,PUBLIC-RELATIONS,7.23
1257,21550454,TEACHER,7.23
1258,22496394,DESIGNER,7.23
1259,17694572,AVIATION,7.23
1260,15353911,DIGITAL-MEDIA,7.23
1261,25561640,ARTS,7.22
1262,29093426,BANKING,7.22
1263,99714410,CONSULTANT,7.2
1264,25930778,ENGINEERING,7.18
1265,14491649,ACCOUNTANT,7.17
1266,28867567,SALES,7.17
1267,34783330,BANKING,7.16
1268,45167858,BANKING,7.16
1269,20969845,FINANCE,7.16
1270,21287405,AVIATION,7.16
1271,58708773,TEACHER,7.15
1272,36425270,ACCOUNTANT,7.15
1273,14722634,FINANCE,7.14
1274,40311088,DIGITAL-MEDIA,7.13
1275,33964275,CHEF,7.12
1276,28206098,ADVOCATE,7.11
1277,26671167,HR,7.11
1278,18636651,FINANCE,7.08
1279,14176254,ADVOCATE,7.06
1280,17132168,DIGITAL-MEDIA,7.06
1281,38441665,FINANCE,7.05
1282,14358578,SALES,7.05
1283,22042181,ADVOCATE,7.04
1284,47067533,BUSINESS-DEVELOPMENT,7.02
1285,18129173,HEALTHCARE,7.02
1286,37370455,ACCOUNTANT,7.01
1287,10001727,CHEF,7.01
1288,16378091,CONSTRUCTION,7.0
1289,23398733,CHEF,6.99
1290,46772262,ADVOCATE,6.99
1291,23577836,ADVOCATE,6.97
1292,15973307,SALES,6.97
1293,20488267,ARTS,6.97
1294,27715131,ARTS,6.96
1295,29612672,FINANCE,6.95
1296,10464113,SALES,6.94
1297,27375577,BUSINESS-DEVELOPMENT,6.94
1298,28631840,ENGINEERING,6.94
1299,22615491,BANKING,6.93
1300,17571262,AUTOMOBILE,6.93
1301,28172023,FITNESS,6.93
1302,16653657,AGRICULTURE,6.92
1303,19243556,FINANCE,6.91
1304,25824789,HR,6.91
1305,31909493,DIGITAL-MEDIA,6.91
1306,15337481,ADVOCATE,6.9
1307,41950126,ARTS,6.89
1308,15425154,DESIGNER,6.89
1309,69666645,FITNESS,6.88
1310,16449694,AVIATION,6.87
1311,38047274,AVIATION,6.86
1312,25625173,AVIATION,6.86
1313,14062078,HEALTHCARE,6.86
1314,53227466,ARTS,6.85
1315,16833515,AVIATION,6.85
1316,28423028,HEALTHCARE,6.84
1317,97405769,ADVOCATE,6.83
1318,32720816,AVIATION,6.82
1319,29319314,FITNESS,6.81
1320,18856440,CONSULTANT,6.81
1321,20835760,HEALTHCARE,6.8
1322,36671891,PUBLIC-RELATIONS,6.8
1323,91051945,ADVOCATE,6.79
1324,15958967,ADVOCATE,6.78
1325,30437583,AGRICULTURE,6.78
1326,12669075,APPAREL,6.77
1327,23929500,SALES,6.77
1328,25543217,APPAREL,6.74
1329,74522938,CHEF,6.74
1330,16846478,BUSINESS-DEVELOPMENT,6.74
1331,14364597,PUBLIC-RELATIONS,6.73
1332,20736486,HEALTHCARE,6.73
1333,17987433,INFORMATION-TECHNOLOGY,6.73
1334,25813953,BUSINESS-DEVELOPMENT,6.73
1335,32636041,FITNESS,6.72
1336,37473139,AVIATION,6.71
1337,16850314,AVIATION,6.71
1338,78538268,ADVOCATE,6.71
1339,59818742,FINANCE,6.71
1340,14346702,CONSULTANT,6.69
1341,10186968,ADVOCATE,6.69
1342,20149476,ARTS,6.68
1343,19851252,AGRICULTURE,6.67
1344,19612167,ENGINEERING,6.67
1345,22894544,CONSTRUCTION,6.66
1346,91539554,DIGITAL-MEDIA,6.65
1347,17775916,FINANCE,6.65
1348,28230807,CHEF,6.64
1349,81310245,BUSINESS-DEVELOPMENT,6.63
1350,25924968,CHEF,6.63
1351,16509761,DIGITAL-MEDIA,6.62
1352,12780508,ACCOUNTANT,6.62
1353,34797369,BUSINESS-DEVELOPMENT,6.62
1354,20253563,ACCOUNTANT,6.61
1355,32605413,CHEF,6.59
1356,14009087,PUBLIC-RELATIONS,6.58
1357,61319162,PUBLIC-RELATIONS,6.57
1358,11187796,ARTS,6.57
1359,29775391,CHEF,6.57
1360,10926726,PUBLIC-RELATIONS,6.56
1361,37087371,PUBLIC-RELATIONS,6.56
1362,10501991,BUSINESS-DEVELOPMENT,6.56
1363,12065211,ACCOUNTANT,6.55
1364,18293620,BUSINESS-DEVELOPMENT,6.55
1365,15100547,AUTOMOBILE,6.54
1366,27496514,HR,6.53
1367,18132924,ACCOUNTANT,6.52
1368,11902276,PUBLIC-RELATIONS,6.52
1369,17392859,FINANCE,6.51
1370,10653119,CHEF,6.51
1371,31556198,FITNESS,6.51
1372,39470264,ARTS,6.51
1373,11197262,AGRICULTURE,6.51
1374,11155153,DESIGNER,6.51
1375,28828844,HR,6.5
1376,35468363,CHEF,6.5
1377,21830565,HR,6.49
1378,27726066,CONSULTANT,6.49
1379,19147947,SALES,6.49
1380,17422560,HR,6.48
1381,29449419,CHEF,6.48
1382,59011090,DIGITAL-MEDIA,6.48
1383,15823995,AVIATION,6.48
1384,14761906,DIGITAL-MEDIA,6.48
1385,15041689,HR,6.48
1386,17306905,ACCOUNTANT,6.46
1387,20230207,TEACHER,6.46
1388,28831442,PUBLIC-RELATIONS,6.45
1389,13072019,ACCOUNTANT,6.45
1390,21297828,PUBLIC-RELATIONS,6.44
1391,33685988,FINANCE,6.44
1392,27490876,HR,6.44
1393,37521676,BUSINESS-DEVELOPMENT,6.44
1394,59403481,ACCOUNTANT,6.44
1395,18753367,ENGINEERING,6.44
1396,77439230,ADVOCATE,6.42
1397,28063132,TEACHER,6.42
1398,99806115,APPAREL,6.42
1399,28165687,AGRICULTURE,6.42
1400,37931076,FINANCE,6.42
1401,17252448,CONSTRUCTION,6.41
1402,45077654,BPO,6.41
1403,25127518,ACCOUNTANT,6.41
1404,24727739,BPO,6.4
1405,34419403,AVIATION,6.4
1406,17483843,AVIATION,6.4
1407,27936502,ARTS,6.4
1408,28758002,FINANCE,6.39
1409,11522068,FITNESS,6.38
1410,18422164,HR,6.38
1411,96493528,BANKING,6.38
1412,10554236,ACCOUNTANT,6.37
1413,29494962,FINANCE,6.36
1414,10674770,ACCOUNTANT,6.36
1415,20691949,CHEF,6.35
1416,59346975,PUBLIC-RELATIONS,6.34
1417,18155310,HR,6.33
1418,14556869,DIGITAL-MEDIA,6.32
1419,17624934,HEALTHCARE,6.32
1420,27850777,BUSINESS-DEVELOPMENT,6.32
1421,17421910,BUSINESS-DEVELOPMENT,6.31
1422,49285644,TEACHER,6.31
1423,13115648,ADVOCATE,6.31
1424,16626724,CONSTRUCTION,6.3
1425,28989677,BANKING,6.3
1426,24946537,ADVOCATE,6.29
1427,25923361,ARTS,6.29
1428,11704150,HEALTHCARE,6.28
1429,17131084,BANKING,6.28
1430,21869994,CHEF,6.27
1431,99416532,AVIATION,6.27
1432,11773925,BANKING,6.27
1433,42384185,DESIGNER,6.26
1434,22593054,ARTS,6.25
1435,22465498,ACCOUNTANT,6.25
1436,54101961,SALES,6.25
1437,24001783,AGRICULTURE,6.24
1438,37735467,SALES,6.24
1439,23063986,FITNESS,6.23
1440,13328680,DIGITAL-MEDIA,6.23
1441,17325147,ARTS,6.22
1442,42332765,PUBLIC-RELATIONS,6.22
1443,12386670,ARTS,6.21
1444,23354541,FINANCE,6.2
1445,14585273,CONSTRUCTION,6.2
1446,12897903,CONSULTANT,6.19
1447,23818675,CONSTRUCTION,6.19
1448,13294301,ACCOUNTANT,6.19
1449,95011061,HEALTHCARE,6.19
1450,35164503,FITNESS,6.18
1451,21796843,BANKING,6.17
1452,19774173,FITNESS,6.17
1453,94047639,CHEF,6.17
1454,36517781,ENGINEERING,6.17
1455,17640785,AGRICULTURE,6.16
1456,20552814,SALES,6.16
1457,20082776,ACCOUNTANT,6.15
1458,13149176,ENGINEERING,6.15
1459,13675377,FITNESS,6.15
1460,29061628,CONSTRUCTION,6.14
1461,19540089,FINANCE,6.14
1462,22720697,FINANCE,6.14
1463,14049846,ENGINEERING,6.13
1464,70667011,BANKING,6.13
1465,10909673,BANKING,6.12
1466,25162378,BANKING,6.11
1467,27058381,INFORMATION-TECHNOLOGY,6.11
1468,81125166,ENGINEERING,6.1
1469,22423839,BUSINESS-DEVELOPMENT,6.09
1470,17311685,TEACHER,6.09
1471,11804712,AVIATION,6.08
1472,12923795,FITNESS,6.08
1473,19867922,HR,6.07
1474,10030015,ENGINEERING,6.07
1475,72136463,FINANCE,6.06
1476,13909762,ADVOCATE,6.05
1477,69005326,TEACHER,6.05
1478,10268614,FITNESS,6.04
1479,69487178,FINANCE,6.04
1480,22323967,HR,6.04
1481,39295103,FINANCE,6.02
1482,30965258,DESIGNER,6.02
1483,13264154,CHEF,6.02
1484,16820422,TEACHER,6.01
1485,30709029,BPO,6.01
1486,18368613,SALES,6.0
1487,20255404,FITNESS,5.99
1488,28609364,DIGITAL-MEDIA,5.97
1489,21809601,ARTS,5.97
1490,19285236,CHEF,5.97
1491,10041713,CONSTRUCTION,5.96
1492,32896934,HR,5.95
1493,96457008,AVIATION,5.95
1494,80053367,ACCOUNTANT,5.95
1495,59450123,FINANCE,5.93
1496,29415426,ADVOCATE,5.93
1497,62809577,ACCOUNTANT,5.92
1498,20033302,CHEF,5.91
1499,37540732,SALES,5.9
1500,99561379,ARTS,5.89
1501,34875813,CONSULTANT,5.89
1502,12377803,BUSINESS-DEVELOPMENT,5.89
1503,10873344,PUBLIC-RELATIONS,5.89
1504,53169257,ADVOCATE,5.88
1505,91930382,HR,5.87
1506,56792999,CONSULTANT,5.87
1507,12338274,ACCOUNTANT,5.87
1508,42427521,AVIATION,5.87
1509,31211074,PUBLIC-RELATIONS,5.86
1510,30594821,ARTS,5.84
1511,18509268,APPAREL,5.84
1512,91318828,DIGITAL-MEDIA,5.83
1513,41506705,DESIGNER,5.83
1514,10329506,BANKING,5.83
1515,52979663,HR,5.82
1516,86549455,FINANCE,5.82
1517,62700506,DIGITAL-MEDIA,5.82
1518,22706174,DIGITAL-MEDIA,5.81
1519,18227306,CONSULTANT,5.8
1520,33527446,ACCOUNTANT,5.8
1521,13393401,BANKING,5.8
1522,24967652,FINANCE,5.79
1523,99433371,CONSTRUCTION,5.79
1524,15717923,FINANCE,5.79
1525,27091280,APPAREL,5.79
1526,29161565,AVIATION,5.79
1527,16332293,AUTOMOBILE,5.78
1528,20317319,BUSINESS-DEVELOPMENT,5.76
1529,28298773,ACCOUNTANT,5.76
1530,16356151,HEALTHCARE,5.76
1531,15581242,SALES,5.76
1532,13014900,DESIGNER,5.75
1533,19149865,BANKING,5.75
1534,78229715,FINANCE,5.74
1535,80527194,CONSULTANT,5.74
1536,19374660,BANKING,5.73
1537,26069113,ARTS,5.72
1538,27789372,FINANCE,5.72
1539,34970271,ADVOCATE,5.71
1540,27409087,FINANCE,5.71
1541,16276121,DIGITAL-MEDIA,5.7
1542,80162314,HR,5.7
1543,23631188,AGRICULTURE,5.7
1544,25497147,FINANCE,5.69
1545,16449850,FINANCE,5.69
1546,11174187,ADVOCATE,5.69
1547,33072201,PUBLIC-RELATIONS,5.69
1548,36625776,HEALTHCARE,5.68
1549,25328428,HEALTHCARE,5.68
1550,67032711,FITNESS,5.67
1551,30646367,HR,5.67
1552,37402097,TEACHER,5.67
1553,44624796,ENGINEERING,5.66
1554,18731098,HR,5.65
1555,16605352,FITNESS,5.65
1556,92200491,SALES,5.64
1557,49997097,ACCOUNTANT,5.64
1558,81217013,FINANCE,5.63
1559,14790629,AVIATION,5.63
1560,16121015,SALES,5.63
1561,86184722,HR,5.63
1562,28862054,PUBLIC-RELATIONS,5.61
1563,19471144,CONSTRUCTION,5.6
1564,20176584,CONSULTANT,5.6
1565,24361598,CONSTRUCTION,5.6
1566,18905648,DIGITAL-MEDIA,5.6
1567,18278509,BANKING,5.59
1568,11650031,CONSTRUCTION,5.58
1569,36302399,BANKING,5.58
1570,28531493,PUBLIC-RELATIONS,5.58
1571,58048626,AVIATION,5.57
1572,12748557,ENGINEERING,5.56
1573,29930479,TEACHER,5.56
1574,24703983,AUTOMOBILE,5.55
1575,13812481,SALES,5.55
1576,36269672,DESIGNER,5.54
1577,24708621,FITNESS,5.54
1578,23497307,ENGINEERING,5.54
1579,24773845,AVIATION,5.54
1580,26919036,CONSULTANT,5.54
1581,65864767,BANKING,5.53
1582,26987539,BANKING,5.53
1583,11797122,AUTOMOBILE,5.52
1584,20457611,FITNESS,5.52
1585,25724495,HR,5.51
1586,10704573,BUSINESS-DEVELOPMENT,5.51
1587,20544228,ADVOCATE,5.51
1588,31199035,SALES,5.51
1589,39569771,BANKING,5.51
1590,28396528,CHEF,5.5
1591,26921245,AGRICULTURE,5.49
1592,31220062,PUBLIC-RELATIONS,5.49
1593,10504237,TEACHER,5.49
1594,38399177,CONSULTANT,5.48
1595,34185495,BANKING,5.48
1596,31042953,FITNESS,5.47
1597,44147689,CONSTRUCTION,5.47
1598,11409460,APPAREL,5.46
1599,30826569,CHEF,5.45
1600,33236701,SALES,5.45
1601,22675694,DESIGNER,5.45
1602,17043822,ENGINEERING,5.44
1603,17431847,FITNESS,5.44
1604,23573064,FINANCE,5.43
1605,95625660,BPO,5.42
1606,24574164,DIGITAL-MEDIA,5.42
1607,14256329,HR,5.42
1608,16091352,BUSINESS-DEVELOPMENT,5.41
1609,38115035,ARTS,5.4
1610,18079050,CONSULTANT,5.4
1611,32980197,BANKING,5.4
1612,24589765,AVIATION,5.4
1613,27000192,PUBLIC-RELATIONS,5.4
1614,38753827,INFORMATION-TECHNOLOGY,5.39
1615,29990140,CHEF,5.39
1616,13411858,CHEF,5.39
1617,36392131,ADVOCATE,5.39
1618,32965335,ADVOCATE,5.39
1619,55712978,AGRICULTURE,5.39
1620,17254634,ADVOCATE,5.38
1621,17307206,CONSULTANT,5.38
1622,34452806,CHEF,5.38
1623,10898339,SALES,5.38
1624,15289348,ACCOUNTANT,5.38
1625,28942221,CONSTRUCTION,5.36
1626,32109048,AUTOMOBILE,5.36
1627,28733974,AGRICULTURE,5.36
1628,49127329,ENGINEERING,5.35
1629,23985183,AVIATION,5.34
1630,14278888,PUBLIC-RELATIONS,5.34
1631,12587973,TEACHER,5.34
1632,11163645,ACCOUNTANT,5.34
1633,20357858,BUSINESS-DEVELOPMENT,5.34
1634,31602598,ACCOUNTANT,5.33
1635,13199813,BUSINESS-DEVELOPMENT,5.33
1636,29992154,HEALTHCARE,5.32
1637,13080868,BUSINESS-DEVELOPMENT,5.31
1638,39908485,CONSTRUCTION,5.29
1639,54232810,AVIATION,5.28
1640,41586420,APPAREL,5.26
1641,81588968,AVIATION,5.26
1642,23782450,SALES,5.24
1643,29028935,APPAREL,5.24
1644,10748989,DESIGNER,5.24
1645,18932512,AUTOMOBILE,5.22
1646,20986595,DESIGNER,5.22
1647,81373857,CHEF,5.22
1648,23296286,SALES,5.21
1649,18072085,FINANCE,5.21
1650,25588694,TEACHER,5.21
1651,27018361,FINANCE,5.21
1652,94137171,AVIATION,5.18
1653,23628651,TEACHER,5.18
1654,22852364,APPAREL,5.18
1655,17730889,BUSINESS-DEVELOPMENT,5.18
1656,21549195,PUBLIC-RELATIONS,5.18
1657,52684666,FITNESS,5.18
1658,20006992,AGRICULTURE,5.17
1659,21611212,TEACHER,5.17
1660,10189110,AVIATION,5.16
1661,68240723,DESIGNER,5.16
1662,22754014,PUBLIC-RELATIONS,5.15
1663,24285142,DESIGNER,5.15
1664,72231872,HR,5.15
1665,29211359,CHEF,5.14
1666,10816645,FITNESS,5.14
1667,24673903,CHEF,5.14
1668,24709432,CHEF,5.12
1669,27756469,ENGINEERING,5.12
1670,35492909,BANKING,5.12
1671,12230301,BUSINESS-DEVELOPMENT,5.11
1672,15941675,ENGINEERING,5.11
1673,26691587,APPAREL,5.09
1674,20748926,DESIGNER,5.07
1675,90682785,SALES,5.07
1676,37997506,ACCOUNTANT,5.07
1677,25067742,ACCOUNTANT,5.06
1678,75156649,FITNESS,5.06
1679,11842348,BANKING,5.05
1680,38165833,CONSULTANT,5.05
1681,33286293,BANKING,5.05
1682,21763056,ACCOUNTANT,5.03
1683,64755882,ENGINEERING,5.03
1684,24553863,FINANCE,5.02
1685,48549972,CONSTRUCTION,5.01
1686,29764492,APPAREL,5.01
1687,20969119,AGRICULTURE,5.01
1688,12491898,CONSTRUCTION,5.0
1689,25706337,DIGITAL-MEDIA,4.99
1690,15790602,AUTOMOBILE,4.99
1691,12341902,AGRICULTURE,4.99
1692,34151183,FITNESS,4.99
1693,14150896,ARTS,4.99
1694,37058472,DESIGNER,4.98
1695,65373280,CHEF,4.98
1696,14849103,CONSTRUCTION,4.97
1697,17342969,CONSTRUCTION,4.97
1698,34657584,DESIGNER,4.97
1699,47996197,HEALTHCARE,4.96
1700,20626794,TEACHER,4.96
1701,27139412,BUSINESS-DEVELOPMENT,4.95
1702,17410700,SALES,4.95
1703,19553067,ENGINEERING,4.95
1704,13130984,ACCOUNTANT,4.94
1705,11759079,ACCOUNTANT,4.94
1706,27980446,ACCOUNTANT,4.93
1707,25315791,SALES,4.93
1708,29784524,CHEF,4.93
1709,15618327,AVIATION,4.92
1710,19072267,PUBLIC-RELATIONS,4.92
1711,37739183,DIGITAL-MEDIA,4.91
1712,15273850,SALES,4.91
1713,20356750,ARTS,4.9
1714,17274759,AVIATION,4.9
1715,10480456,HEALTHCARE,4.9
1716,32977530,HR,4.89
1717,15564893,CONSTRUCTION,4.89
1718,10734870,CONSTRUCTION,4.88
1719,47410104,FINANCE,4.88
1720,91153752,DESIGNER,4.87
1721,20992320,BANKING,4.87
1722,31684925,ENGINEERING,4.87
1723,91467795,BUSINESS-DEVELOPMENT,4.87
1724,3547447,BANKING,4.87
1725,30083884,CONSULTANT,4.86
1726,10818478,ADVOCATE,4.86
1727,18525641,DIGITAL-MEDIA,4.86
1728,16911115,ENGINEERING,4.86
1729,22855060,FITNESS,4.86
1730,16852973,HR,4.85
1731,13574264,BUSINESS-DEVELOPMENT,4.85
1732,19508520,ARTS,4.84
1733,21904897,CHEF,4.83
1734,34198885,ACCOUNTANT,4.83
1735,24411323,FINANCE,4.82
1736,11270462,DIGITAL-MEDIA,4.81
1737,23032276,CHEF,4.8
1738,90468982,ADVOCATE,4.8
1739,91268638,CHEF,4.8
1740,89858892,FITNESS,4.8
1741,18669563,ACCOUNTANT,4.79
1742,26065877,ACCOUNTANT,4.78
1743,29329075,PUBLIC-RELATIONS,4.78
1744,17189156,BANKING,4.77
1745,26829350,BPO,4.77
1746,22968380,TEACHER,4.76
1747,35554162,ACCOUNTANT,4.76
1748,12059198,BUSINESS-DEVELOPMENT,4.76
1749,47549345,ENGINEERING,4.76
1750,22556198,CONSULTANT,4.76
1751,11959428,AVIATION,4.73
1752,14470533,ACCOUNTANT,4.73
1753,19506295,AVIATION,4.72
1754,15226699,DIGITAL-MEDIA,4.72
1755,18436190,PUBLIC-RELATIONS,4.71
1756,18268860,AVIATION,4.71
1757,65456466,SALES,4.7
1758,17556527,ACCOUNTANT,4.69
1759,69155584,SALES,4.69
1760,38355831,AVIATION,4.69
1761,12191094,PUBLIC-RELATIONS,4.68
1762,32265203,CONSTRUCTION,4.68
1763,14014749,DESIGNER,4.68
1764,32802563,ENGINEERING,4.68
1765,17150707,HR,4.67
1766,14224370,ACCOUNTANT,4.66
1767,31016926,CONSULTANT,4.66
1768,93002334,HR,4.65
1769,23416654,ACCOUNTANT,4.65
1770,11614114,AVIATION,4.65
1771,20819838,SALES,4.64
1772,26279402,AVIATION,4.64
1773,32517106,FITNESS,4.63
1774,63158213,BPO,4.63
1775,28895997,BANKING,4.63
1776,26579709,BANKING,4.63
1777,34792238,FITNESS,4.63
1778,15233524,BUSINESS-DEVELOPMENT,4.63
1779,30337969,CHEF,4.61
1780,11336022,TEACHER,4.61
1781,87826037,AVIATION,4.6
1782,12814706,BUSINESS-DEVELOPMENT,4.59
1783,16391949,APPAREL,4.58
1784,88038965,FINANCE,4.57
1785,27796199,BUSINESS-DEVELOPMENT,4.57
1786,85918100,SALES,4.56
1787,48533663,CONSULTANT,4.55
1788,22861181,PUBLIC-RELATIONS,4.54
1789,17597372,BUSINESS-DEVELOPMENT,4.53
1790,35651876,ENGINEERING,4.53
1791,11137306,AVIATION,4.52
1792,27637576,ACCOUNTANT,4.52
1793,26503829,DESIGNER,4.52
1794,15858254,ENGINEERING,4.51
1795,26942552,DESIGNER,4.5
1796,18825446,CHEF,4.49
1797,26231609,FINANCE,4.48
1798,18882984,CONSTRUCTION,4.47
1799,77266989,FITNESS,4.46
1800,15746146,APPAREL,4.45
1801,91591026,CHEF,4.45
1802,22380187,DIGITAL-MEDIA,4.44
1803,29552167,BANKING,4.44
1804,31454430,SALES,4.44
1805,27243670,CONSTRUCTION,4.44
1806,11877150,FINANCE,4.43
1807,28396458,FINANCE,4.43
1808,19929506,PUBLIC-RELATIONS,4.43
1809,16353584,CONSTRUCTION,4.42
1810,19397727,ENGINEERING,4.42
1811,25462793,ACCOUNTANT,4.42
1812,10070224,PUBLIC-RELATIONS,4.41
1813,31395742,CONSULTANT,4.41
1814,39970711,HR,4.41
1815,12717345,CHEF,4.4
1816,16270906,TEACHER,4.4
1817,29968330,AGRICULTURE,4.39
1818,54246169,AGRICULTURE,4.39
1819,93459677,CONSULTANT,4.39
1820,30311202,CHEF,4.39
1821,17199951,DESIGNER,4.39
1822,27788376,CONSULTANT,4.38
1823,11624880,PUBLIC-RELATIONS,4.38
1824,47317494,CHEF,4.38
1825,15906625,ACCOUNTANT,4.37
1826,12071138,FINANCE,4.37
1827,27607632,SALES,4.37
1828,79759716,BUSINESS-DEVELOPMENT,4.36
1829,28109594,DIGITAL-MEDIA,4.36
1830,61315605,AVIATION,4.36
1831,65708020,BUSINESS-DEVELOPMENT,4.35
1832,24994145,FITNESS,4.35
1833,24647386,BUSINESS-DEVELOPMENT,4.33
1834,38860712,ADVOCATE,4.32
1835,19284293,AVIATION,4.31
1836,33627938,AVIATION,4.3
1837,51018476,DESIGNER,4.3
1838,16500168,APPAREL,4.3
1839,20321582,CHEF,4.29
1840,10062724,HEALTHCARE,4.29
1841,68338341,CHEF,4.29
1842,69360287,AGRICULTURE,4.28
1843,16694152,BUSINESS-DEVELOPMENT,4.27
1844,18640927,FINANCE,4.27
1845,89740812,AGRICULTURE,4.26
1846,38154903,AVIATION,4.25
1847,34146825,ARTS,4.25
1848,54934269,HEALTHCARE,4.25
1849,62312955,DESIGNER,4.24
1850,19724031,ARTS,4.23
1851,86828820,ENGINEERING,4.21
1852,37391947,BUSINESS-DEVELOPMENT,4.21
1853,79432080,ARTS,4.21
1854,25838512,FITNESS,4.21
1855,18236085,BUSINESS-DEVELOPMENT,4.2
1856,28679359,DIGITAL-MEDIA,4.2
1857,69859102,AGRICULTURE,4.19
1858,16964217,CONSULTANT,4.19
1859,12545844,PUBLIC-RELATIONS,4.19
1860,26530575,FINANCE,4.19
1861,18900722,DIGITAL-MEDIA,4.19
1862,11333001,AVIATION,4.19
1863,30288581,ENGINEERING,4.16
1864,11592605,HR,4.16
1865,15636923,HEALTHCARE,4.16
1866,16507693,AGRICULTURE,4.15
1867,30713796,BANKING,4.15
1868,23939133,TEACHER,4.15
1869,21794875,ACCOUNTANT,4.14
1870,29805310,SALES,4.12
1871,95085510,FITNESS,4.12
1872,40088790,ADVOCATE,4.12
1873,38896303,CONSULTANT,4.11
1874,71499299,APPAREL,4.11
1875,14726000,BUSINESS-DEVELOPMENT,4.11
1876,20279756,FITNESS,4.11
1877,17312146,AGRICULTURE,4.11
1878,22349169,CHEF,4.11
1879,78114950,CONSTRUCTION,4.1
1880,21334981,CHEF,4.1
1881,36621169,SALES,4.09
1882,29406313,BANKING,4.09
1883,13313917,CONSULTANT,4.08
1884,10076271,HEALTHCARE,4.08
1885,15139979,ENGINEERING,4.08
1886,16426777,FINANCE,4.07
1887,47729453,CHEF,4.06
1888,49475708,ADVOCATE,4.05
1889,40987524,SALES,4.04
1890,17658471,FITNESS,4.01
1891,37792474,SALES,4.01
1892,36139251,FITNESS,4.01
1893,93828034,PUBLIC-RELATIONS,4.0
1894,87968870,HR,4.0
1895,19936735,CONSULTANT,4.0
1896,25157655,ARTS,3.99
1897,11722421,DESIGNER,3.98
1898,23302948,CONSULTANT,3.97
1899,18090899,ADVOCATE,3.97
1900,20681037,CONSTRUCTION,3.97
1901,19147494,SALES,3.96
1902,42487883,ACCOUNTANT,3.96
1903,26189601,CHEF,3.95
1904,12237267,PUBLIC-RELATIONS,3.95
1905,17103000,ENGINEERING,3.94
1906,14752209,BUSINESS-DEVELOPMENT,3.93
1907,10176013,CONSTRUCTION,3.92
1908,32799518,CONSTRUCTION,3.92
1909,22182279,ARTS,3.9
1910,30148777,AVIATION,3.9
1911,12693146,CONSTRUCTION,3.89
1912,34327438,ADVOCATE,3.89
1913,29306433,FITNESS,3.88
1914,11807040,DESIGNER,3.88
1915,21611637,CHEF,3.88
1916,82929064,DIGITAL-MEDIA,3.88
1917,28377361,SALES,3.86
1918,24953126,CONSTRUCTION,3.86
1919,31242382,ADVOCATE,3.83
1920,19070271,APPAREL,3.83
1921,69243180,BANKING,3.82
1922,26098594,APPAREL,3.82
1923,18725071,ADVOCATE,3.82
1924,20330739,DIGITAL-MEDIA,3.82
1925,12043694,AVIATION,3.81
1926,15573418,BPO,3.81
1927,16924279,CONSTRUCTION,3.81
1928,19920687,BANKING,3.81
1929,11121498,CHEF,3.8
1930,89197180,BUSINESS-DEVELOPMENT,3.8
1931,23110214,HEALTHCARE,3.8
1932,37913536,PUBLIC-RELATIONS,3.78
1933,18635654,ACCOUNTANT,3.78
1934,27497542,DESIGNER,3.77
1935,36905896,BANKING,3.76
1936,30163002,HR,3.74
1937,43622023,ARTS,3.73
1938,28005884,ENGINEERING,3.73
1939,10889157,CHEF,3.73
1940,22622351,FINANCE,3.73
1941,24770846,CONSTRUCTION,3.73
1942,31536294,AVIATION,3.73
1943,23673025,PUBLIC-RELATIONS,3.73
1944,29723311,CONSULTANT,3.72
1945,28320387,ENGINEERING,3.71
1946,10235429,FITNESS,3.7
1947,12674307,DESIGNER,3.7
1948,36136569,APPAREL,3.68
1949,13195436,AVIATION,3.68
1950,14667957,HEALTHCARE,3.68
1951,34131484,SALES,3.67
1952,62870550,FITNESS,3.67
1953,16132195,HEALTHCARE,3.66
1954,28398216,FINANCE,3.65
1955,19147603,FINANCE,3.65
1956,10876132,APPAREL,3.65
1957,56286525,FITNESS,3.65
1958,45907524,HEALTHCARE,3.64
1959,26459032,FITNESS,3.64
1960,76916835,BUSINESS-DEVELOPMENT,3.64
1961,49119887,PUBLIC-RELATIONS,3.62
1962,78107631,ARTS,3.61
1963,25425322,ENGINEERING,3.61
1964,20633855,BUSINESS-DEVELOPMENT,3.61
1965,28871170,ADVOCATE,3.61
1966,35121930,APPAREL,3.6
1967,12920612,PUBLIC-RELATIONS,3.6
1968,13998435,DESIGNER,3.6
1969,16915389,APPAREL,3.59
1970,10138632,SALES,3.59
1971,10515955,DIGITAL-MEDIA,3.59
1972,38225199,FINANCE,3.58
1973,21122155,FITNESS,3.57
1974,94503308,CONSTRUCTION,3.57
1975,31064969,BPO,3.56
1976,61065616,CONSTRUCTION,3.56
1977,55500538,AGRICULTURE,3.56
1978,30741799,ADVOCATE,3.56
1979,22605864,ENGINEERING,3.56
1980,22561438,CHEF,3.55
1981,27558837,ACCOUNTANT,3.54
1982,12858898,FINANCE,3.53
1983,38642923,FITNESS,3.52
1984,31948488,FINANCE,3.52
1985,26896699,BUSINESS-DEVELOPMENT,3.51
1986,27246366,CONSTRUCTION,3.51
1987,28973180,FINANCE,3.5
1988,64589506,BANKING,3.49
1989,14698557,APPAREL,3.49
1990,25953797,CHEF,3.48
1991,25797445,ENGINEERING,3.48
1992,49646155,AVIATION,3.47
1993,25780596,BANKING,3.47
1994,84373843,FINANCE,3.47
1995,24791126,TEACHER,3.46
1996,15180322,CHEF,3.46
1997,19861776,DIGITAL-MEDIA,3.46
1998,27909372,CHEF,3.45
1999,12544735,ADVOCATE,3.45
2000,78357954,AUTOMOBILE,3.44
2001,23408537,HR,3.43
2002,69336473,AGRICULTURE,3.43
2003,26835781,AGRICULTURE,3.43
2004,24548333,HEALTHCARE,3.41
2005,12839152,CONSTRUCTION,3.41
2006,12171093,ADVOCATE,3.41
2007,17876954,AVIATION,3.41
2008,31392754,PUBLIC-RELATIONS,3.41
2009,78298706,CONSTRUCTION,3.4
2010,24219583,FITNESS,3.4
2011,26070334,AGRICULTURE,3.39
2012,27018550,HR,3.39
2013,75297735,HEALTHCARE,3.38
2014,11257723,AUTOMOBILE,3.38
2015,10588874,CHEF,3.37
2016,11551946,BUSINESS-DEVELOPMENT,3.37
2017,17655479,AVIATION,3.37
2018,21511817,CHEF,3.36
2019,25694422,CONSULTANT,3.36
2020,96761538,FITNESS,3.36
2021,12860543,APPAREL,3.34
2022,27917969,HEALTHCARE,3.34
2023,25719936,AVIATION,3.33
2024,22319662,SALES,3.33
2025,12082377,SALES,3.3
2026,37640804,ADVOCATE,3.3
2027,81677620,FINANCE,3.28
2028,14825300,BUSINESS-DEVELOPMENT,3.28
2029,20705888,FINANCE,3.27
2030,10149490,CONSTRUCTION,3.27
2031,24533931,APPAREL,3.27
2032,15917885,PUBLIC-RELATIONS,3.27
2033,71767359,APPAREL,3.27
2034,90685127,DIGITAL-MEDIA,3.27
2035,24677466,PUBLIC-RELATIONS,3.26
2036,25452321,CHEF,3.25
2037,29770086,CONSULTANT,3.25
2038,53640713,ACCOUNTANT,3.25
2039,13774329,DESIGNER,3.24
2040,22025574,BUSINESS-DEVELOPMENT,3.23
2041,12826414,CONSTRUCTION,3.22
2042,29002596,DIGITAL-MEDIA,3.22
2043,46349752,HEALTHCARE,3.22
2044,13637605,SALES,3.22
2045,37750854,APPAREL,3.2
2046,28522529,FINANCE,3.2
2047,21756639,BANKING,3.2
2048,38847011,ACCOUNTANT,3.17
2049,35673335,BUSINESS-DEVELOPMENT,3.17
2050,76454959,FINANCE,3.16
2051,65237556,PUBLIC-RELATIONS,3.15
2052,38309905,CHEF,3.15
2053,63670997,CONSULTANT,3.15
2054,26961846,FINANCE,3.15
2055,24240349,TEACHER,3.14
2056,12904972,AVIATION,3.14
2057,15471999,DESIGNER,3.14
2058,21669215,PUBLIC-RELATIONS,3.13
2059,31547476,CHEF,3.13
2060,29076405,CONSULTANT,3.13
2061,25974844,HEALTHCARE,3.12
2062,15119529,CONSULTANT,3.12
2063,30938994,BUSINESS-DEVELOPMENT,3.11
2064,20624984,ACCOUNTANT,3.11
2065,83566455,APPAREL,3.11
2066,10395944,AVIATION,3.1
2067,39064638,ARTS,3.1
2068,24590489,PUBLIC-RELATIONS,3.1
2069,21512769,CONSULTANT,3.1
2070,23396633,BUSINESS-DEVELOPMENT,3.09
2071,11393213,CONSTRUCTION,3.09
2072,20565486,FITNESS,3.09
2073,42641525,AVIATION,3.08
2074,92246939,CONSULTANT,3.08
2075,26456474,ADVOCATE,3.07
2076,23933031,BPO,3.07
2077,35422305,HEALTHCARE,3.07
2078,18484846,HEALTHCARE,3.06
2079,11677077,APPAREL,3.06
2080,19503224,PUBLIC-RELATIONS,3.05
2081,18927233,DIGITAL-MEDIA,3.05
2082,16226743,PUBLIC-RELATIONS,3.04
2083,16536141,DIGITAL-MEDIA,3.03
2084,21238396,FITNESS,3.03
2085,22019500,CONSTRUCTION,3.03
2086,14140903,AGRICULTURE,3.03
2087,21363048,CONSTRUCTION,3.02
2088,16924102,CHEF,3.01
2089,15306049,ARTS,3.01
2090,31710562,BANKING,3.01
2091,24402267,HR,3.0
2092,34252537,CHEF,2.99
2093,29999135,ACCOUNTANT,2.99
2094,38059130,ADVOCATE,2.98
2095,87867370,BANKING,2.98
2096,13037145,FITNESS,2.96
2097,24455357,DESIGNER,2.95
2098,17008356,AVIATION,2.95
2099,57601040,CONSULTANT,2.94
2100,32637306,CONSULTANT,2.94
2101,26330995,PUBLIC-RELATIONS,2.93
2102,73030450,ARTS,2.92
2103,18937778,BUSINESS-DEVELOPMENT,2.92
2104,14589288,AVIATION,2.91
2105,23631724,PUBLIC-RELATIONS,2.91
2106,59422148,SALES,2.91
2107,12420359,CHEF,2.9
2108,18460045,DESIGNER,2.9
2109,65219288,AVIATION,2.9
2110,26091595,CONSTRUCTION,2.87
2111,24964303,BUSINESS-DEVELOPMENT,2.87
2112,19063156,ADVOCATE,2.87
2113,34051710,DESIGNER,2.86
2114,85421438,HEALTHCARE,2.85
2115,15899269,TEACHER,2.85
2116,26829561,APPAREL,2.85
2117,38744475,DESIGNER,2.84
2118,28326441,DESIGNER,2.84
2119,23185829,CHEF,2.84
2120,45475027,CONSTRUCTION,2.84
2121,15680735,HEALTHCARE,2.84
2122,74126637,ADVOCATE,2.83
2123,96260484,HEALTHCARE,2.83
2124,22546476,CONSTRUCTION,2.81
2125,28756444,CONSTRUCTION,2.8
2126,29878348,CONSTRUCTION,2.8
2127,12674256,AGRICULTURE,2.79
2128,24583187,DESIGNER,2.78
2129,27066370,CONSTRUCTION,2.78
2130,16519708,BUSINESS-DEVELOPMENT,2.77
2131,12791244,FITNESS,2.77
2132,82738323,AVIATION,2.77
2133,23617240,HEALTHCARE,2.77
2134,10694288,HR,2.77
2135,28243590,CONSULTANT,2.77
2136,26234972,CONSULTANT,2.76
2137,10344379,ADVOCATE,2.76
2138,25258040,CONSULTANT,2.75
2139,40882926,AGRICULTURE,2.75
2140,67645662,DESIGNER,2.75
2141,16511249,SALES,2.74
2142,68216398,AVIATION,2.73
2143,14724186,DESIGNER,2.73
2144,12820557,SALES,2.71
2145,31040875,ADVOCATE,2.7
2146,98108571,SALES,2.7
2147,13764840,APPAREL,2.69
2148,74236636,ENGINEERING,2.68
2149,25949631,DESIGNER,2.68
2150,19738730,BUSINESS-DEVELOPMENT,2.68
2151,17960690,HEALTHCARE,2.67
2152,13967854,ADVOCATE,2.66
2153,90032884,CONSTRUCTION,2.66
2154,25413261,PUBLIC-RELATIONS,2.66
2155,39608848,ARTS,2.66
2156,41590605,PUBLIC-RELATIONS,2.66
2157,45656814,FITNESS,2.66
2158,17584743,DIGITAL-MEDIA,2.65
2159,27099856,APPAREL,2.64
2160,91478356,HEALTHCARE,2.63
2161,21912637,FINANCE,2.63
2162,75329822,PUBLIC-RELATIONS,2.63
2163,23944036,HEALTHCARE,2.63
2164,31201660,CONSULTANT,2.62
2165,40883703,DIGITAL-MEDIA,2.62
2166,19714635,APPAREL,2.62
2167,25839123,SALES,2.62
2168,22452756,AUTOMOBILE,2.61
2169,19928941,CONSTRUCTION,2.61
2170,95519832,FINANCE,2.61
2171,63989974,AUTOMOBILE,2.61
2172,56520872,HEALTHCARE,2.6
2173,17163375,FITNESS,2.6
2174,38650096,FITNESS,2.6
2175,30642458,PUBLIC-RELATIONS,2.58
2176,13234267,AVIATION,2.57
2177,22718826,CONSTRUCTION,2.56
2178,22990761,AVIATION,2.54
2179,31025785,BANKING,2.53
2180,20698469,ARTS,2.53
2181,23771896,PUBLIC-RELATIONS,2.52
2182,16661264,AGRICULTURE,2.52
2183,14206561,ENGINEERING,2.5
2184,59487170,FITNESS,2.5
2185,25224998,CONSTRUCTION,2.5
2186,24817041,ACCOUNTANT,2.49
2187,28321954,FITNESS,2.49
2188,27888251,AGRICULTURE,2.49
2189,11637468,BANKING,2.49
2190,27903191,FITNESS,2.48
2191,33685075,ENGINEERING,2.47
2192,34544955,CONSTRUCTION,2.47
2193,14304010,APPAREL,2.47
2194,28325193,ARTS,2.47
2195,24828381,CONSULTANT,2.45
2196,91431878,AVIATION,2.43
2197,19911786,BANKING,2.42
2198,29815762,SALES,2.41
2199,21190805,AVIATION,2.4
2200,45900271,PUBLIC-RELATIONS,2.4
2201,15699744,CONSULTANT,2.4
2202,10969918,FITNESS,2.39
2203,13367322,FITNESS,2.39
2204,36868767,HEALTHCARE,2.39
2205,21568833,CONSULTANT,2.37
2206,69764348,CONSTRUCTION,2.37
2207,29425788,FITNESS,2.36
2208,37560528,ADVOCATE,2.36
2209,29928796,SALES,2.36
2210,11752500,AVIATION,2.36
2211,12333703,HEALTHCARE,2.36
2212,35579812,HEALTHCARE,2.35
2213,47276718,ENGINEERING,2.35
2214,23810469,DIGITAL-MEDIA,2.35
2215,37695494,DESIGNER,2.34
2216,84295343,AUTOMOBILE,2.33
2217,24559558,PUBLIC-RELATIONS,2.32
2218,67582956,DESIGNER,2.32
2219,39835894,ENGINEERING,2.32
2220,17165107,ADVOCATE,2.31
2221,11160414,PUBLIC-RELATIONS,2.31
2222,11088337,BUSINESS-DEVELOPMENT,2.29
2223,80275976,BUSINESS-DEVELOPMENT,2.28
2224,29792535,FITNESS,2.28
2225,28669770,FITNESS,2.27
2226,61677751,BUSINESS-DEVELOPMENT,2.26
2227,22485475,CONSULTANT,2.25
2228,25098739,CONSTRUCTION,2.25
2229,28916894,BUSINESS-DEVELOPMENT,2.22
2230,36149549,ENGINEERING,2.22
2231,24516163,APPAREL,2.22
2232,43685045,ACCOUNTANT,2.22
2233,14900898,CONSTRUCTION,2.21
2234,16280971,SALES,2.21
2235,48580330,CHEF,2.2
2236,28051330,BANKING,2.17
2237,31114531,ARTS,2.17
2238,29193505,CONSTRUCTION,2.16
2239,70750649,APPAREL,2.16
2240,17562754,DIGITAL-MEDIA,2.16
2241,19437318,BANKING,2.16
2242,14958913,TEACHER,2.15
2243,15053703,AGRICULTURE,2.15
2244,18885231,SALES,2.15
2245,27662298,CHEF,2.15
2246,15354126,CHEF,2.15
2247,11850315,PUBLIC-RELATIONS,2.14
2248,18029935,ARTS,2.12
2249,12021752,BANKING,2.12
2250,22442947,AVIATION,2.1
2251,18264694,AGRICULTURE,2.09
2252,10100240,CONSTRUCTION,2.09
2253,11555549,ARTS,2.07
2254,35985133,APPAREL,2.07
2255,10332998,CONSULTANT,2.06
2256,14107571,FITNESS,2.06
2257,27624540,SALES,2.04
2258,16594812,CHEF,2.03
2259,13173522,BANKING,2.02
2260,39566718,CONSTRUCTION,2.01
2261,36024962,ACCOUNTANT,2.01
2262,30608780,SALES,2.01
2263,35157762,CHEF,2.0
2264,39674178,ACCOUNTANT,2.0
2265,27835351,CONSTRUCTION,2.0
2266,33542483,DIGITAL-MEDIA,1.99
2267,28831378,ENGINEERING,1.99
2268,33424600,BUSINESS-DEVELOPMENT,1.98
2269,15479281,APPAREL,1.97
2270,16248476,CHEF,1.96
2271,27831220,CHEF,1.96
2272,23139437,ARTS,1.96
2273,18979238,DESIGNER,1.95
2274,37375999,PUBLIC-RELATIONS,1.94
2275,38688388,BUSINESS-DEVELOPMENT,1.93
2276,92283635,AVIATION,1.93
2277,21705160,DESIGNER,1.92
2278,71888547,CONSULTANT,1.92
2279,39252859,DESIGNER,1.92
2280,10603337,SALES,1.91
2281,92122785,CHEF,1.91
2282,78273826,APPAREL,1.91
2283,17432318,DIGITAL-MEDIA,1.9
2284,21134923,AGRICULTURE,1.9
2285,26425074,SALES,1.88
2286,37660306,TEACHER,1.86
2287,29091445,HR,1.86
2288,16620172,PUBLIC-RELATIONS,1.85
2289,25070914,PUBLIC-RELATIONS,1.81
2290,26819872,AVIATION,1.8
2291,27096796,ARTS,1.8
2292,42304307,SALES,1.8
2293,19951766,CHEF,1.78
2294,30990885,FITNESS,1.76
2295,21614256,ADVOCATE,1.76
2296,16288901,DESIGNER,1.74
2297,21807224,ENGINEERING,1.74
2298,37231163,CHEF,1.74
2299,80876647,HEALTHCARE,1.74
2300,17602815,BUSINESS-DEVELOPMENT,1.73
2301,70528646,SALES,1.73
2302,13858219,APPAREL,1.71
2303,19364677,CONSTRUCTION,1.71
2304,27937592,BUSINESS-DEVELOPMENT,1.71
2305,13095891,CHEF,1.71
2306,60004873,ENGINEERING,1.67
2307,24251588,FITNESS,1.67
2308,32518109,CHEF,1.66
2309,93512385,ADVOCATE,1.65
2310,65325317,ARTS,1.64
2311,35172961,ENGINEERING,1.62
2312,25142074,APPAREL,1.62
2313,12212468,CONSTRUCTION,1.61
2314,16038911,FITNESS,1.6
2315,19402977,APPAREL,1.59
2316,20565849,CONSTRUCTION,1.59
2317,43375498,BANKING,1.57
2318,15601399,ENGINEERING,1.56
2319,16702198,HEALTHCARE,1.56
2320,25370801,BUSINESS-DEVELOPMENT,1.56
2321,10182582,APPAREL,1.55
2322,82140102,AUTOMOBILE,1.55
2323,30128072,CHEF,1.55
2324,13557622,DESIGNER,1.53
2325,14209965,DIGITAL-MEDIA,1.52
2326,38216888,AGRICULTURE,1.52
2327,75435017,ADVOCATE,1.49
2328,29332616,SALES,1.47
2329,24799301,ACCOUNTANT,1.47
2330,24592627,AUTOMOBILE,1.46
2331,22168194,AVIATION,1.45
2332,19362586,BPO,1.44
2333,19195747,DESIGNER,1.43
2334,20141807,SALES,1.42
2335,32318506,ARTS,1.42
2336,32140087,SALES,1.42
2337,14381464,SALES,1.41
2338,14445309,ADVOCATE,1.41
2339,21567392,CONSTRUCTION,1.41
2340,21622444,CHEF,1.41
2341,21265194,HR,1.41
2342,14128006,PUBLIC-RELATIONS,1.4
2343,10428916,FITNESS,1.4
2344,21178545,FITNESS,1.4
2345,10289113,BUSINESS-DEVELOPMENT,1.39
2346,20817322,CHEF,1.39
2347,90318913,AVIATION,1.38
2348,79570655,CONSULTANT,1.38
2349,29640922,APPAREL,1.38
2350,29167286,AVIATION,1.36
2351,28663949,DESIGNER,1.36
2352,22848179,ARTS,1.36
2353,14528265,DESIGNER,1.36
2354,91197243,PUBLIC-RELATIONS,1.35
2355,91072502,CHEF,1.34
2356,29648950,FINANCE,1.34
2357,19444529,DIGITAL-MEDIA,1.34
2358,51681660,DESIGNER,1.34
2359,31638814,BUSINESS-DEVELOPMENT,1.33
2360,27219200,BUSINESS-DEVELOPMENT,1.32
2361,23719943,APPAREL,1.31
2362,98086373,PUBLIC-RELATIONS,1.3
2363,34349255,DESIGNER,1.27
2364,29534737,AVIATION,1.26
2365,51415089,PUBLIC-RELATIONS,1.26
2366,16066857,CHEF,1.25
2367,33023370,CONSTRUCTION,1.25
2368,95970987,ADVOCATE,1.24
2369,31362807,APPAREL,1.23
2370,11635137,PUBLIC-RELATIONS,1.22
2371,10005171,DIGITAL-MEDIA,1.22
2372,19268120,CHEF,1.22
2373,10333051,FITNESS,1.2
2374,18885767,ARTS,1.2
2375,20836112,FINANCE,1.2
2376,18569929,ACCOUNTANT,1.18
2377,28424982,CHEF,1.16
2378,27694040,APPAREL,1.15
2379,61322296,CHEF,1.14
2380,13178604,SALES,1.13
2381,98509238,SALES,1.11
2382,11266906,BANKING,1.11
2383,39308779,CONSULTANT,1.1
2384,29772450,CHEF,1.09
2385,23568731,CHEF,1.09
2386,30504149,DIGITAL-MEDIA,1.08
2387,23190306,APPAREL,1.08
2388,25810233,SALES,1.08
2389,51554903,CHEF,1.07
2390,92985983,CHEF,1.07
2391,39434376,DESIGNER,1.07
2392,12666174,CONSTRUCTION,1.04
2393,22560013,PUBLIC-RELATIONS,1.03
2394,11842274,PUBLIC-RELATIONS,1.03
2395,45462344,PUBLIC-RELATIONS,1.02
2396,20932019,DESIGNER,1.02
2397,25834360,HEALTHCARE,1.01
2398,12547982,DESIGNER,1.01
2399,18328743,SALES,1.0
2400,27689009,AGRICULTURE,0.99
2401,56525735,CONSTRUCTION,0.99
2402,61634281,FINANCE,0.98
2403,26509539,CONSTRUCTION,0.97
2404,14874322,AVIATION,0.96
2405,15261348,CHEF,0.95
2406,13518263,DESIGNER,0.95
2407,18369400,BANKING,0.95
2408,26289308,HR,0.92
2409,95350373,CONSULTANT,0.92
2410,11130200,FITNESS,0.92
2411,17576030,FITNESS,0.91
2412,29595906,AVIATION,0.91
2413,19164410,DESIGNER,0.91
2414,10251432,HEALTHCARE,0.91
2415,24412546,BUSINESS-DEVELOPMENT,0.9
2416,55746506,FITNESS,0.9
2417,13405229,AVIATION,0.89
2418,10276858,CHEF,0.88
2419,37333719,ADVOCATE,0.87
2420,18062906,SALES,0.86
2421,56151548,APPAREL,0.84
2422,38314236,ENGINEERING,0.8
2423,33919379,CONSULTANT,0.8
2424,17660419,FITNESS,0.8
2425,19545827,ACCOUNTANT,0.78
2426,14106638,FINANCE,0.76
2427,28803888,CONSTRUCTION,0.76
2428,12696104,SALES,0.75
2429,39875803,BUSINESS-DEVELOPMENT,0.75
2430,27820360,CHEF,0.75
2431,20417897,HR,0.74
2432,22965804,CONSTRUCTION,0.74
2433,29267293,TEACHER,0.74
2434,14248724,ARTS,0.7
2435,94492380,DIGITAL-MEDIA,0.69
2436,14225422,HR,0.69
2437,63145386,CONSTRUCTION,0.68
2438,79041971,BANKING,0.68
2439,75286906,ACCOUNTANT,0.66
2440,24444525,FITNESS,0.65
2441,32954522,DESIGNER,0.65
2442,66226673,ARTS,0.64
2443,21386255,PUBLIC-RELATIONS,0.63
2444,36574147,BUSINESS-DEVELOPMENT,0.62
2445,54201930,DESIGNER,0.61
2446,17152392,AVIATION,0.61
2447,27974588,FITNESS,0.6
2448,23807940,CHEF,0.58
2449,13915715,PUBLIC-RELATIONS,0.57
2450,33578873,SALES,0.56
2451,21298336,ENGINEERING,0.55
2452,13212436,CHEF,0.54
2453,14413148,FINANCE,0.54
2454,21586858,CONSTRUCTION,0.53
2455,29894080,CONSTRUCTION,0.51
2456,19007667,CHEF,0.51
2457,26718039,CHEF,0.5
2458,12334650,ARTS,0.49
2459,34689720,TEACHER,0.48
2460,14554542,ENGINEERING,0.47
2461,78149576,DESIGNER,0.47
2462,29165698,FITNESS,0.45
2463,28359817,ACCOUNTANT,0.45
2464,29072179,CHEF,0.44
2465,23602130,PUBLIC-RELATIONS,0.42
2466,11835339,CONSULTANT,0.39
2467,19831366,CHEF,0.37
2468,41651672,BANKING,0.36
2469,13807808,APPAREL,0.35
2470,18472240,CONSTRUCTION,0.34
2471,14663897,CHEF,0.32
2472,10820510,CONSTRUCTION,0.32
2473,86551046,CHEF,0.31
2474,10567764,AVIATION,0.31
2475,24655918,DESIGNER,0.25
2476,15936656,DESIGNER,0.24
2477,15546686,AGRICULTURE,0.23
2478,19124258,ENGINEERING,0.21
2479,23143731,PUBLIC-RELATIONS,0.19
2480,14455622,AUTOMOBILE,0.16
2481,31395710,HEALTHCARE,0.13
2482,32532982,DESIGNER,0.12
2483,12632728,BUSINESS-DEVELOPMENT,0.0
2484,10466583,DESIGNER,0.0
